DEU_Moelln-4_4_T-1,proportion of stopping distance,33,1,inf,0.10765981674194336
DEU_Moelln-4_4_T-1,proportion of stopping distance,33,2,inf,0.06886577606201172
DEU_Moelln-4_4_T-1,proportion of stopping distance,33,3,inf,0.1156919002532959
DEU_Moelln-4_4_T-1,proportion of stopping distance,33,4,inf,0.25315117835998535
DEU_Moelln-4_4_T-1,proportion of stopping distance,33,5,inf,0.062108755111694336
DEU_Moelln-4_4_T-1,proportion of stopping distance,33,6,inf,0.12089920043945312
DEU_Moelln-4_4_T-1,proportion of stopping distance,33,7,inf,0.09201717376708984
DEU_Moelln-4_4_T-1,proportion of stopping distance,33,8,inf,0.1458897590637207
DEU_Moelln-4_4_T-1,proportion of stopping distance,33,9,inf,0.22037792205810547
DEU_Moelln-4_4_T-1,proportion of stopping distance,33,10,inf,0.06290769577026367
DEU_Moelln-4_4_T-1,proportion of stopping distance,33,11,inf,0.1504368782043457
DEU_Moelln-4_4_T-1,proportion of stopping distance,33,12,inf,0.04220867156982422
DEU_Moelln-4_4_T-1,proportion of stopping distance,33,13,inf,0.14847898483276367
DEU_Moelln-4_4_T-1,proportion of stopping distance,33,14,inf,0.0356292724609375
DEU_Moelln-4_4_T-1,proportion of stopping distance,33,15,inf,0.03333878517150879
DEU_Moelln-4_4_T-1,proportion of stopping distance,33,16,inf,0.07564330101013184
DEU_Moelln-4_4_T-1,proportion of stopping distance,33,17,inf,0.0795145034790039
DEU_Moelln-4_4_T-1,proportion of stopping distance,33,18,inf,0.02915787696838379
DEU_Moelln-4_4_T-1,proportion of stopping distance,33,19,inf,0.03376054763793945
DEU_Moelln-4_4_T-1,proportion of stopping distance,33,20,inf,0.1289820671081543
DEU_Moelln-4_4_T-1,proportion of stopping distance,33,21,inf,0.024158477783203125
DEU_Moelln-4_4_T-1,proportion of stopping distance,33,22,inf,0.022582292556762695
DEU_Moelln-4_4_T-1,proportion of stopping distance,33,23,inf,0.034004926681518555
DEU_Moelln-4_4_T-1,proportion of stopping distance,33,24,inf,0.03855609893798828
DEU_Moelln-4_4_T-1,proportion of stopping distance,33,25,inf,0.05703282356262207
DEU_Moelln-4_4_T-1,proportion of stopping distance,33,26,inf,0.015590190887451172
DEU_Moelln-4_4_T-1,proportion of stopping distance,33,27,inf,0.013559103012084961
DEU_Moelln-4_4_T-1,proportion of stopping distance,33,28,inf,0.011997461318969727
DEU_Moelln-4_4_T-1,proportion of stopping distance,33,29,inf,0.01045846939086914
DEU_Moelln-4_4_T-1,proportion of stopping distance,33,30,inf,0.008678197860717773
DEU_Moelln-4_4_T-1,proportion of stopping distance,33,31,inf,0.007225513458251953
DEU_Moelln-4_4_T-1,proportion of stopping distance,33,32,inf,0.011578559875488281
DEU_Moelln-4_4_T-1,proportion of stopping distance,36,1,inf,0.14691829681396484
DEU_Moelln-4_4_T-1,proportion of stopping distance,36,2,inf,0.056182861328125
DEU_Moelln-4_4_T-1,proportion of stopping distance,36,3,inf,0.1271817684173584
DEU_Moelln-4_4_T-1,proportion of stopping distance,36,4,inf,0.05159425735473633
DEU_Moelln-4_4_T-1,proportion of stopping distance,36,5,inf,0.06974196434020996
DEU_Moelln-4_4_T-1,proportion of stopping distance,36,6,inf,0.07673358917236328
DEU_Moelln-4_4_T-1,proportion of stopping distance,36,7,inf,0.1820824146270752
DEU_Moelln-4_4_T-1,proportion of stopping distance,36,8,inf,0.05655479431152344
DEU_Moelln-4_4_T-1,proportion of stopping distance,36,9,inf,0.043781280517578125
DEU_Moelln-4_4_T-1,proportion of stopping distance,36,10,inf,0.04352116584777832
DEU_Moelln-4_4_T-1,proportion of stopping distance,36,11,inf,0.11907196044921875
DEU_Moelln-4_4_T-1,proportion of stopping distance,36,12,inf,0.0381772518157959
DEU_Moelln-4_4_T-1,proportion of stopping distance,36,13,inf,0.036699771881103516
DEU_Moelln-4_4_T-1,proportion of stopping distance,36,14,inf,0.047344207763671875
DEU_Moelln-4_4_T-1,proportion of stopping distance,36,15,inf,0.12368917465209961
DEU_Moelln-4_4_T-1,proportion of stopping distance,36,16,inf,0.03248882293701172
DEU_Moelln-4_4_T-1,proportion of stopping distance,36,17,inf,0.08783078193664551
DEU_Moelln-4_4_T-1,proportion of stopping distance,36,18,inf,0.16773152351379395
DEU_Moelln-4_4_T-1,proportion of stopping distance,36,19,inf,0.12565231323242188
DEU_Moelln-4_4_T-1,proportion of stopping distance,36,20,inf,0.025373458862304688
DEU_Moelln-4_4_T-1,proportion of stopping distance,36,21,inf,0.030595779418945312
DEU_Moelln-4_4_T-1,proportion of stopping distance,36,22,inf,0.032892704010009766
DEU_Moelln-4_4_T-1,proportion of stopping distance,36,23,inf,0.11402702331542969
DEU_Moelln-4_4_T-1,proportion of stopping distance,36,24,inf,0.019730329513549805
DEU_Moelln-4_4_T-1,proportion of stopping distance,36,25,inf,0.04700112342834473
DEU_Moelln-4_4_T-1,proportion of stopping distance,36,26,inf,0.048074960708618164
DEU_Moelln-4_4_T-1,proportion of stopping distance,36,27,inf,0.021233081817626953
DEU_Moelln-4_4_T-1,proportion of stopping distance,36,28,inf,0.0651698112487793
DEU_Moelln-4_4_T-1,proportion of stopping distance,36,29,inf,0.010761260986328125
DEU_Moelln-4_4_T-1,proportion of stopping distance,36,30,inf,0.009777069091796875
DEU_Moelln-4_4_T-1,proportion of stopping distance,36,31,inf,0.007540464401245117
DEU_Moelln-4_4_T-1,proportion of stopping distance,36,32,inf,0.005941152572631836
DEU_Moelln-4_4_T-1,proportion of stopping distance,37,1,inf,0.3982570171356201
DEU_Moelln-4_4_T-1,proportion of stopping distance,37,2,inf,0.1764061450958252
DEU_Moelln-4_4_T-1,proportion of stopping distance,37,3,inf,0.09473752975463867
DEU_Moelln-4_4_T-1,proportion of stopping distance,37,4,inf,0.0978391170501709
DEU_Moelln-4_4_T-1,proportion of stopping distance,37,5,inf,0.08606362342834473
DEU_Moelln-4_4_T-1,proportion of stopping distance,37,6,inf,0.09909749031066895
DEU_Moelln-4_4_T-1,proportion of stopping distance,37,7,inf,0.3186674118041992
DEU_Moelln-4_4_T-1,proportion of stopping distance,37,8,inf,0.07824492454528809
DEU_Moelln-4_4_T-1,proportion of stopping distance,37,9,inf,0.10948014259338379
DEU_Moelln-4_4_T-1,proportion of stopping distance,37,10,inf,0.06859707832336426
DEU_Moelln-4_4_T-1,proportion of stopping distance,37,11,inf,0.08236384391784668
DEU_Moelln-4_4_T-1,proportion of stopping distance,37,12,inf,0.06270384788513184
DEU_Moelln-4_4_T-1,proportion of stopping distance,37,13,inf,0.055274009704589844
DEU_Moelln-4_4_T-1,proportion of stopping distance,37,14,inf,0.06643176078796387
DEU_Moelln-4_4_T-1,proportion of stopping distance,37,15,inf,0.07540035247802734
DEU_Moelln-4_4_T-1,proportion of stopping distance,37,16,inf,0.047472476959228516
DEU_Moelln-4_4_T-1,proportion of stopping distance,37,17,inf,0.05784177780151367
DEU_Moelln-4_4_T-1,proportion of stopping distance,37,18,inf,0.0586087703704834
DEU_Moelln-4_4_T-1,proportion of stopping distance,37,19,inf,0.03845500946044922
DEU_Moelln-4_4_T-1,proportion of stopping distance,37,20,inf,0.03220796585083008
DEU_Moelln-4_4_T-1,proportion of stopping distance,37,21,inf,0.028809070587158203
DEU_Moelln-4_4_T-1,proportion of stopping distance,37,22,inf,0.19118285179138184
DEU_Moelln-4_4_T-1,proportion of stopping distance,37,23,inf,0.02563786506652832
DEU_Moelln-4_4_T-1,proportion of stopping distance,37,24,inf,0.034612178802490234
DEU_Moelln-4_4_T-1,proportion of stopping distance,37,25,inf,0.023653745651245117
DEU_Moelln-4_4_T-1,proportion of stopping distance,37,26,inf,0.027710914611816406
DEU_Moelln-4_4_T-1,proportion of stopping distance,37,27,inf,0.1423025131225586
DEU_Moelln-4_4_T-1,proportion of stopping distance,37,28,inf,0.0852653980255127
DEU_Moelln-4_4_T-1,proportion of stopping distance,37,29,inf,0.09453535079956055
DEU_Moelln-4_4_T-1,proportion of stopping distance,37,30,inf,0.023084402084350586
DEU_Moelln-4_4_T-1,proportion of stopping distance,37,31,inf,0.022733449935913086
DEU_Moelln-4_4_T-1,proportion of stopping distance,37,32,inf,0.13871002197265625
DEU_Moelln-4_4_T-1,proportion of stopping distance,310,1,inf,0.10017681121826172
DEU_Moelln-4_4_T-1,proportion of stopping distance,310,2,inf,0.07180547714233398
DEU_Moelln-4_4_T-1,proportion of stopping distance,310,3,inf,0.09846758842468262
DEU_Moelln-4_4_T-1,proportion of stopping distance,310,4,inf,0.08380365371704102
DEU_Moelln-4_4_T-1,proportion of stopping distance,310,5,inf,0.05949282646179199
DEU_Moelln-4_4_T-1,proportion of stopping distance,310,6,inf,0.07354521751403809
DEU_Moelln-4_4_T-1,proportion of stopping distance,310,7,inf,0.06516098976135254
DEU_Moelln-4_4_T-1,proportion of stopping distance,310,8,inf,0.05286359786987305
DEU_Moelln-4_4_T-1,proportion of stopping distance,310,9,inf,0.06760525703430176
DEU_Moelln-4_4_T-1,proportion of stopping distance,310,10,inf,0.2012007236480713
DEU_Moelln-4_4_T-1,proportion of stopping distance,310,11,inf,0.06978797912597656
DEU_Moelln-4_4_T-1,proportion of stopping distance,310,12,inf,0.04380536079406738
DEU_Moelln-4_4_T-1,proportion of stopping distance,310,13,inf,0.044997215270996094
DEU_Moelln-4_4_T-1,proportion of stopping distance,310,14,inf,nan
DEU_Moelln-4_4_T-1,proportion of stopping distance,310,15,inf,nan
DEU_Moelln-4_4_T-1,proportion of stopping distance,310,16,inf,nan
DEU_Moelln-4_4_T-1,proportion of stopping distance,310,17,inf,nan
DEU_Moelln-4_4_T-1,proportion of stopping distance,310,18,inf,nan
DEU_Moelln-4_4_T-1,proportion of stopping distance,310,19,inf,nan
DEU_Moelln-4_4_T-1,proportion of stopping distance,310,20,inf,nan
DEU_Moelln-4_4_T-1,proportion of stopping distance,310,21,inf,nan
DEU_Moelln-4_4_T-1,proportion of stopping distance,310,22,inf,nan
DEU_Moelln-4_4_T-1,proportion of stopping distance,310,23,inf,nan
DEU_Moelln-4_4_T-1,proportion of stopping distance,310,24,inf,nan
DEU_Moelln-4_4_T-1,proportion of stopping distance,310,25,inf,nan
DEU_Moelln-4_4_T-1,proportion of stopping distance,310,26,inf,nan
DEU_Moelln-4_4_T-1,proportion of stopping distance,310,27,inf,nan
DEU_Moelln-4_4_T-1,proportion of stopping distance,310,28,inf,nan
DEU_Moelln-4_4_T-1,proportion of stopping distance,310,29,inf,nan
DEU_Moelln-4_4_T-1,proportion of stopping distance,310,30,inf,nan
DEU_Moelln-4_4_T-1,proportion of stopping distance,310,31,inf,nan
DEU_Moelln-4_4_T-1,proportion of stopping distance,310,32,inf,nan
DEU_Moelln-4_4_T-1,proportion of stopping distance,327,1,inf,nan
DEU_Moelln-4_4_T-1,proportion of stopping distance,327,2,inf,nan
DEU_Moelln-4_4_T-1,proportion of stopping distance,327,3,inf,nan
DEU_Moelln-4_4_T-1,proportion of stopping distance,327,4,inf,nan
DEU_Moelln-4_4_T-1,proportion of stopping distance,327,5,inf,nan
DEU_Moelln-4_4_T-1,proportion of stopping distance,327,6,inf,nan
DEU_Moelln-4_4_T-1,proportion of stopping distance,327,7,inf,nan
DEU_Moelln-4_4_T-1,proportion of stopping distance,327,8,inf,nan
DEU_Moelln-4_4_T-1,proportion of stopping distance,327,9,inf,nan
DEU_Moelln-4_4_T-1,proportion of stopping distance,327,10,inf,nan
DEU_Moelln-4_4_T-1,proportion of stopping distance,327,11,inf,nan
DEU_Moelln-4_4_T-1,proportion of stopping distance,327,12,inf,nan
DEU_Moelln-4_4_T-1,proportion of stopping distance,327,13,inf,nan
DEU_Moelln-4_4_T-1,proportion of stopping distance,327,14,inf,nan
DEU_Moelln-4_4_T-1,proportion of stopping distance,327,15,inf,nan
DEU_Moelln-4_4_T-1,proportion of stopping distance,327,16,inf,nan
DEU_Moelln-4_4_T-1,proportion of stopping distance,327,17,inf,nan
DEU_Moelln-4_4_T-1,proportion of stopping distance,327,18,inf,nan
DEU_Moelln-4_4_T-1,proportion of stopping distance,327,19,inf,nan
DEU_Moelln-4_4_T-1,proportion of stopping distance,327,20,inf,nan
DEU_Moelln-4_4_T-1,proportion of stopping distance,327,21,inf,nan
DEU_Moelln-4_4_T-1,proportion of stopping distance,327,22,inf,nan
DEU_Moelln-4_4_T-1,proportion of stopping distance,327,23,inf,nan
DEU_Moelln-4_4_T-1,proportion of stopping distance,327,24,inf,nan
DEU_Moelln-4_4_T-1,proportion of stopping distance,327,25,inf,nan
DEU_Moelln-4_4_T-1,proportion of stopping distance,327,26,inf,nan
DEU_Moelln-4_4_T-1,proportion of stopping distance,327,27,inf,nan
DEU_Moelln-4_4_T-1,proportion of stopping distance,327,28,inf,nan
DEU_Moelln-4_4_T-1,proportion of stopping distance,327,29,inf,nan
DEU_Moelln-4_4_T-1,proportion of stopping distance,327,30,inf,nan
DEU_Moelln-4_4_T-1,proportion of stopping distance,327,31,inf,nan
DEU_Moelln-4_4_T-1,proportion of stopping distance,327,32,inf,nan
DEU_Moelln-4_4_T-1,proportion of stopping distance,327,33,inf,nan
DEU_Moelln-4_4_T-1,proportion of stopping distance,327,34,inf,nan
DEU_Moelln-4_4_T-1,proportion of stopping distance,327,35,inf,nan
DEU_Moelln-4_4_T-1,proportion of stopping distance,334,1,inf,0.005028963088989258
DEU_Moelln-4_4_T-1,proportion of stopping distance,334,2,inf,0.004449605941772461
DEU_Moelln-4_4_T-1,proportion of stopping distance,334,3,inf,0.004473686218261719
DEU_Moelln-4_4_T-1,proportion of stopping distance,334,4,inf,0.004202365875244141
DEU_Moelln-4_4_T-1,proportion of stopping distance,334,5,inf,0.0043146610260009766
DEU_Moelln-4_4_T-1,proportion of stopping distance,334,6,inf,0.004317045211791992
DEU_Moelln-4_4_T-1,proportion of stopping distance,334,7,inf,0.004278898239135742
DEU_Moelln-4_4_T-1,proportion of stopping distance,334,8,inf,0.004312753677368164
DEU_Moelln-4_4_T-1,proportion of stopping distance,334,9,inf,0.0042493343353271484
DEU_Moelln-4_4_T-1,proportion of stopping distance,334,10,inf,0.00430750846862793
DEU_Moelln-4_4_T-1,proportion of stopping distance,334,11,inf,0.004166841506958008
DEU_Moelln-4_4_T-1,proportion of stopping distance,334,12,inf,0.004258632659912109
DEU_Moelln-4_4_T-1,proportion of stopping distance,334,13,inf,0.004342555999755859
DEU_Moelln-4_4_T-1,proportion of stopping distance,334,14,inf,0.004250288009643555
DEU_Moelln-4_4_T-1,proportion of stopping distance,334,15,inf,0.004230976104736328
DEU_Moelln-4_4_T-1,proportion of stopping distance,334,16,inf,0.009911298751831055
DEU_Moelln-4_4_T-1,proportion of stopping distance,334,17,inf,0.0047550201416015625
DEU_Moelln-4_4_T-1,proportion of stopping distance,334,18,inf,0.0043182373046875
DEU_Moelln-4_4_T-1,proportion of stopping distance,334,19,inf,0.004354715347290039
DEU_Moelln-4_4_T-1,proportion of stopping distance,334,20,inf,0.004450798034667969
DEU_Moelln-4_4_T-1,proportion of stopping distance,334,21,inf,0.004225730895996094
DEU_Moelln-4_4_T-1,proportion of stopping distance,334,22,inf,0.004351139068603516
DEU_Moelln-4_4_T-1,proportion of stopping distance,334,23,inf,0.004378557205200195
DEU_Moelln-4_4_T-1,proportion of stopping distance,334,24,inf,0.00461888313293457
DEU_Moelln-4_4_T-1,proportion of stopping distance,334,25,inf,0.03675031661987305
DEU_Moelln-4_4_T-1,proportion of stopping distance,334,26,0,0.08532357215881348
DEU_Moelln-4_4_T-1,proportion of stopping distance,334,27,0,0.004537820816040039
DEU_Moelln-4_4_T-1,proportion of stopping distance,334,28,0,0.00449371337890625
DEU_Moelln-4_4_T-1,proportion of stopping distance,334,29,0,0.004370689392089844
DEU_Moelln-4_4_T-1,proportion of stopping distance,334,30,0,0.004273414611816406
DEU_Moelln-4_4_T-1,proportion of stopping distance,334,31,0,0.004286766052246094
DEU_Moelln-4_4_T-1,proportion of stopping distance,334,32,0,0.00431370735168457
DEU_Moelln-4_4_T-1,proportion of stopping distance,334,33,0,0.004225730895996094
DEU_Moelln-4_4_T-1,proportion of stopping distance,334,34,0,0.004301548004150391
DEU_Moelln-4_4_T-1,proportion of stopping distance,334,35,0,0.004252195358276367
DEU_Moelln-4_4_T-1,proportion of stopping distance,340,1,inf,0.13319730758666992
DEU_Moelln-4_4_T-1,proportion of stopping distance,340,2,inf,0.07224798202514648
DEU_Moelln-4_4_T-1,proportion of stopping distance,340,3,inf,0.1639404296875
DEU_Moelln-4_4_T-1,proportion of stopping distance,340,4,inf,0.07505559921264648
DEU_Moelln-4_4_T-1,proportion of stopping distance,340,5,inf,0.12420773506164551
DEU_Moelln-4_4_T-1,proportion of stopping distance,340,6,inf,0.06254696846008301
DEU_Moelln-4_4_T-1,proportion of stopping distance,340,7,inf,0.12082719802856445
DEU_Moelln-4_4_T-1,proportion of stopping distance,340,8,inf,0.06511974334716797
DEU_Moelln-4_4_T-1,proportion of stopping distance,340,9,inf,0.06880760192871094
DEU_Moelln-4_4_T-1,proportion of stopping distance,340,10,inf,0.09550189971923828
DEU_Moelln-4_4_T-1,proportion of stopping distance,340,11,inf,0.05274629592895508
DEU_Moelln-4_4_T-1,proportion of stopping distance,340,12,inf,0.11354231834411621
DEU_Moelln-4_4_T-1,proportion of stopping distance,340,13,inf,0.05213046073913574
DEU_Moelln-4_4_T-1,proportion of stopping distance,340,14,inf,0.046424150466918945
DEU_Moelln-4_4_T-1,proportion of stopping distance,340,15,inf,0.08056521415710449
DEU_Moelln-4_4_T-1,proportion of stopping distance,340,16,inf,0.05158066749572754
DEU_Moelln-4_4_T-1,proportion of stopping distance,340,17,inf,0.03940558433532715
DEU_Moelln-4_4_T-1,proportion of stopping distance,340,18,inf,0.09016680717468262
DEU_Moelln-4_4_T-1,proportion of stopping distance,340,19,inf,0.08352327346801758
DEU_Moelln-4_4_T-1,proportion of stopping distance,340,20,inf,0.04575634002685547
DEU_Moelln-4_4_T-1,proportion of stopping distance,340,21,inf,0.07566165924072266
DEU_Moelln-4_4_T-1,proportion of stopping distance,340,22,inf,0.12653231620788574
DEU_Moelln-4_4_T-1,proportion of stopping distance,340,23,inf,0.03188776969909668
DEU_Moelln-4_4_T-1,proportion of stopping distance,340,24,inf,0.041686058044433594
DEU_Moelln-4_4_T-1,proportion of stopping distance,340,25,inf,0.027062654495239258
DEU_Moelln-4_4_T-1,proportion of stopping distance,340,26,inf,0.0406336784362793
DEU_Moelln-4_4_T-1,proportion of stopping distance,340,27,inf,0.020847082138061523
DEU_Moelln-4_4_T-1,proportion of stopping distance,340,28,inf,0.01969766616821289
DEU_Moelln-4_4_T-1,proportion of stopping distance,340,29,inf,0.013889074325561523
DEU_Moelln-4_4_T-1,proportion of stopping distance,340,30,inf,0.011845827102661133
DEU_Moelln-4_4_T-1,proportion of stopping distance,340,31,inf,0.009975910186767578
DEU_Moelln-4_4_T-1,proportion of stopping distance,340,32,inf,0.006956338882446289
DEU_Moelln-4_4_T-1,proportion of stopping distance,344,1,inf,0.14004063606262207
DEU_Moelln-4_4_T-1,proportion of stopping distance,344,2,inf,0.12296342849731445
DEU_Moelln-4_4_T-1,proportion of stopping distance,344,3,inf,0.1225285530090332
DEU_Moelln-4_4_T-1,proportion of stopping distance,344,4,inf,0.11646461486816406
DEU_Moelln-4_4_T-1,proportion of stopping distance,344,5,inf,0.10064101219177246
DEU_Moelln-4_4_T-1,proportion of stopping distance,344,6,inf,0.10381937026977539
DEU_Moelln-4_4_T-1,proportion of stopping distance,344,7,inf,0.09136080741882324
DEU_Moelln-4_4_T-1,proportion of stopping distance,344,8,inf,0.09588408470153809
DEU_Moelln-4_4_T-1,proportion of stopping distance,344,9,inf,0.08629989624023438
DEU_Moelln-4_4_T-1,proportion of stopping distance,344,10,inf,0.08275437355041504
DEU_Moelln-4_4_T-1,proportion of stopping distance,344,11,inf,0.08056068420410156
DEU_Moelln-4_4_T-1,proportion of stopping distance,344,12,inf,0.07554507255554199
DEU_Moelln-4_4_T-1,proportion of stopping distance,344,13,inf,0.07513260841369629
DEU_Moelln-4_4_T-1,proportion of stopping distance,344,14,inf,0.06877851486206055
DEU_Moelln-4_4_T-1,proportion of stopping distance,344,15,inf,0.06539297103881836
DEU_Moelln-4_4_T-1,proportion of stopping distance,344,16,inf,0.06783771514892578
DEU_Moelln-4_4_T-1,proportion of stopping distance,344,17,inf,0.061133623123168945
DEU_Moelln-4_4_T-1,proportion of stopping distance,344,18,inf,0.05605053901672363
DEU_Moelln-4_4_T-1,proportion of stopping distance,344,19,inf,0.059285879135131836
DEU_Moelln-4_4_T-1,proportion of stopping distance,344,20,inf,0.11357927322387695
DEU_Moelln-4_4_T-1,proportion of stopping distance,344,21,inf,0.04541373252868652
DEU_Moelln-4_4_T-1,proportion of stopping distance,344,22,inf,0.04095458984375
DEU_Moelln-4_4_T-1,proportion of stopping distance,344,23,inf,0.08072996139526367
DEU_Moelln-4_4_T-1,proportion of stopping distance,344,24,inf,0.036210060119628906
DEU_Moelln-4_4_T-1,proportion of stopping distance,344,25,inf,0.03466463088989258
DEU_Moelln-4_4_T-1,proportion of stopping distance,344,26,inf,0.034346580505371094
DEU_Moelln-4_4_T-1,proportion of stopping distance,344,27,inf,0.031018495559692383
DEU_Moelln-4_4_T-1,proportion of stopping distance,344,28,inf,0.023494720458984375
DEU_Moelln-4_4_T-1,proportion of stopping distance,344,29,inf,0.027985095977783203
DEU_Moelln-4_4_T-1,proportion of stopping distance,344,30,inf,0.018034934997558594
DEU_Moelln-4_4_T-1,proportion of stopping distance,344,31,inf,0.016271591186523438
DEU_Moelln-4_4_T-1,proportion of stopping distance,344,32,inf,0.013188838958740234
HRV_Pula-27_3_T-1,proportion of stopping distance,34,1,inf,0.30020785331726074
HRV_Pula-27_3_T-1,proportion of stopping distance,34,2,inf,0.042697906494140625
HRV_Pula-27_3_T-1,proportion of stopping distance,34,3,inf,0.007543087005615234
HRV_Pula-27_3_T-1,proportion of stopping distance,34,4,inf,0.005563497543334961
HRV_Pula-27_3_T-1,proportion of stopping distance,34,5,inf,0.005534648895263672
HRV_Pula-27_3_T-1,proportion of stopping distance,34,6,inf,0.01495218276977539
HRV_Pula-27_3_T-1,proportion of stopping distance,34,7,inf,0.021268367767333984
HRV_Pula-27_3_T-1,proportion of stopping distance,34,8,inf,0.016895771026611328
HRV_Pula-27_3_T-1,proportion of stopping distance,34,9,inf,0.012021541595458984
HRV_Pula-27_3_T-1,proportion of stopping distance,34,10,inf,0.009451150894165039
HRV_Pula-27_3_T-1,proportion of stopping distance,34,11,inf,0.008316993713378906
HRV_Pula-27_3_T-1,proportion of stopping distance,34,12,inf,0.016724824905395508
HRV_Pula-27_3_T-1,proportion of stopping distance,34,13,inf,0.007903575897216797
HRV_Pula-27_3_T-1,proportion of stopping distance,34,14,inf,0.0070574283599853516
HRV_Pula-27_3_T-1,proportion of stopping distance,34,15,inf,0.0072934627532958984
HRV_Pula-27_3_T-1,proportion of stopping distance,34,16,inf,0.00555419921875
HRV_Pula-27_3_T-1,proportion of stopping distance,34,17,inf,0.00802302360534668
HRV_Pula-27_3_T-1,proportion of stopping distance,34,18,inf,0.005840778350830078
HRV_Pula-27_3_T-1,proportion of stopping distance,34,19,inf,0.0070765018463134766
HRV_Pula-27_3_T-1,proportion of stopping distance,34,20,inf,0.006479501724243164
HRV_Pula-27_3_T-1,proportion of stopping distance,34,21,inf,0.006763458251953125
HRV_Pula-27_3_T-1,proportion of stopping distance,34,22,inf,0.008855342864990234
HRV_Pula-27_3_T-1,proportion of stopping distance,34,23,inf,0.006058692932128906
HRV_Pula-27_3_T-1,proportion of stopping distance,34,24,inf,0.005379199981689453
HRV_Pula-27_3_T-1,proportion of stopping distance,34,25,inf,0.01080775260925293
HRV_Pula-27_3_T-1,proportion of stopping distance,34,26,inf,0.005675554275512695
HRV_Pula-27_3_T-1,proportion of stopping distance,34,27,inf,0.00549006462097168
HRV_Pula-27_3_T-1,proportion of stopping distance,34,28,inf,0.005583286285400391
HRV_Pula-27_3_T-1,proportion of stopping distance,34,29,inf,0.00617671012878418
HRV_Pula-27_3_T-1,proportion of stopping distance,34,30,inf,0.0063326358795166016
HRV_Pula-27_3_T-1,proportion of stopping distance,34,31,inf,0.0054357051849365234
HRV_Pula-27_3_T-1,proportion of stopping distance,34,32,inf,0.005419731140136719
HRV_Pula-27_3_T-1,proportion of stopping distance,34,33,inf,0.005502939224243164
HRV_Pula-27_3_T-1,proportion of stopping distance,34,34,inf,0.0054509639739990234
HRV_Pula-27_3_T-1,proportion of stopping distance,34,35,inf,0.005522966384887695
HRV_Pula-27_3_T-1,proportion of stopping distance,39,1,inf,0.007352590560913086
HRV_Pula-27_3_T-1,proportion of stopping distance,39,2,inf,0.008858203887939453
HRV_Pula-27_3_T-1,proportion of stopping distance,39,3,inf,0.011847257614135742
HRV_Pula-27_3_T-1,proportion of stopping distance,39,4,inf,0.009716272354125977
HRV_Pula-27_3_T-1,proportion of stopping distance,39,5,inf,0.009628534317016602
HRV_Pula-27_3_T-1,proportion of stopping distance,39,6,inf,0.012768030166625977
HRV_Pula-27_3_T-1,proportion of stopping distance,39,7,inf,0.013327598571777344
HRV_Pula-27_3_T-1,proportion of stopping distance,39,8,inf,0.011970043182373047
HRV_Pula-27_3_T-1,proportion of stopping distance,39,9,inf,0.00773930549621582
HRV_Pula-27_3_T-1,proportion of stopping distance,39,10,inf,0.010840415954589844
HRV_Pula-27_3_T-1,proportion of stopping distance,39,11,inf,0.008376598358154297
HRV_Pula-27_3_T-1,proportion of stopping distance,39,12,inf,0.010391473770141602
HRV_Pula-27_3_T-1,proportion of stopping distance,39,13,inf,0.008009910583496094
HRV_Pula-27_3_T-1,proportion of stopping distance,39,14,inf,0.007553577423095703
HRV_Pula-27_3_T-1,proportion of stopping distance,39,15,inf,0.008679866790771484
HRV_Pula-27_3_T-1,proportion of stopping distance,39,16,inf,0.007974624633789062
HRV_Pula-27_3_T-1,proportion of stopping distance,39,17,inf,0.007146596908569336
HRV_Pula-27_3_T-1,proportion of stopping distance,39,18,inf,0.006304025650024414
HRV_Pula-27_3_T-1,proportion of stopping distance,39,19,inf,0.1592550277709961
HRV_Pula-27_3_T-1,proportion of stopping distance,39,20,inf,0.03746390342712402
HRV_Pula-27_3_T-1,proportion of stopping distance,39,21,inf,0.015896081924438477
HRV_Pula-27_3_T-1,proportion of stopping distance,39,22,inf,0.020559310913085938
HRV_Pula-27_3_T-1,proportion of stopping distance,39,23,inf,0.010529756546020508
HRV_Pula-27_3_T-1,proportion of stopping distance,39,24,inf,0.024799346923828125
HRV_Pula-27_3_T-1,proportion of stopping distance,39,25,inf,0.01660752296447754
HRV_Pula-27_3_T-1,proportion of stopping distance,39,26,inf,0.03756356239318848
HRV_Pula-27_3_T-1,proportion of stopping distance,39,27,inf,0.017457246780395508
HRV_Pula-27_3_T-1,proportion of stopping distance,39,28,inf,0.03821110725402832
HRV_Pula-27_3_T-1,proportion of stopping distance,39,29,inf,0.08725714683532715
HRV_Pula-27_3_T-1,proportion of stopping distance,39,30,inf,0.028658628463745117
HRV_Pula-27_3_T-1,proportion of stopping distance,39,31,inf,0.01646256446838379
HRV_Pula-27_3_T-1,proportion of stopping distance,39,32,inf,0.012459993362426758
HRV_Pula-27_3_T-1,proportion of stopping distance,39,33,inf,0.010913372039794922
HRV_Pula-27_3_T-1,proportion of stopping distance,39,34,inf,0.010504484176635742
HRV_Pula-27_3_T-1,proportion of stopping distance,39,35,inf,0.027123689651489258
HRV_Pula-27_3_T-1,proportion of stopping distance,323,1,0,0.24071717262268066
HRV_Pula-27_3_T-1,proportion of stopping distance,323,2,0,0.0050199031829833984
HRV_Pula-27_3_T-1,proportion of stopping distance,323,3,0,0.005056858062744141
HRV_Pula-27_3_T-1,proportion of stopping distance,323,4,0,0.005002021789550781
HRV_Pula-27_3_T-1,proportion of stopping distance,323,5,0,0.021970510482788086
HRV_Pula-27_3_T-1,proportion of stopping distance,323,6,0,0.06139540672302246
HRV_Pula-27_3_T-1,proportion of stopping distance,323,7,0,0.0105133056640625
HRV_Pula-27_3_T-1,proportion of stopping distance,323,8,0,0.005086660385131836
HRV_Pula-27_3_T-1,proportion of stopping distance,323,9,0,0.009106874465942383
HRV_Pula-27_3_T-1,proportion of stopping distance,323,10,0,0.010724067687988281
HRV_Pula-27_3_T-1,proportion of stopping distance,323,11,0,0.007448673248291016
HRV_Pula-27_3_T-1,proportion of stopping distance,323,12,0,0.006159543991088867
HRV_Pula-27_3_T-1,proportion of stopping distance,323,13,0,0.007495880126953125
HRV_Pula-27_3_T-1,proportion of stopping distance,323,14,0,0.006613969802856445
HRV_Pula-27_3_T-1,proportion of stopping distance,323,15,0,0.0057373046875
HRV_Pula-27_3_T-1,proportion of stopping distance,323,16,0,0.006280183792114258
HRV_Pula-27_3_T-1,proportion of stopping distance,323,17,0,0.005506277084350586
HRV_Pula-27_3_T-1,proportion of stopping distance,323,18,0,0.006007671356201172
HRV_Pula-27_3_T-1,proportion of stopping distance,323,19,0,0.005626201629638672
HRV_Pula-27_3_T-1,proportion of stopping distance,323,20,0,0.01911449432373047
HRV_Pula-27_3_T-1,proportion of stopping distance,323,21,0,0.0073947906494140625
HRV_Pula-27_3_T-1,proportion of stopping distance,323,22,0,0.0057451725006103516
HRV_Pula-27_3_T-1,proportion of stopping distance,323,23,0,0.006447792053222656
HRV_Pula-27_3_T-1,proportion of stopping distance,323,24,0,0.005515336990356445
HRV_Pula-27_3_T-1,proportion of stopping distance,323,25,0,0.005510091781616211
HRV_Pula-27_3_T-1,proportion of stopping distance,323,26,0,0.005392789840698242
HRV_Pula-27_3_T-1,proportion of stopping distance,323,27,0,0.005686521530151367
HRV_Pula-27_3_T-1,proportion of stopping distance,323,28,0,0.005358457565307617
HRV_Pula-27_3_T-1,proportion of stopping distance,323,29,0,0.0054666996002197266
HRV_Pula-27_3_T-1,proportion of stopping distance,323,30,0,0.011352777481079102
HRV_Pula-27_3_T-1,proportion of stopping distance,323,31,0,0.012291908264160156
HRV_Pula-27_3_T-1,proportion of stopping distance,323,32,0,0.011043548583984375
HRV_Pula-27_3_T-1,proportion of stopping distance,323,33,0,0.012765645980834961
HRV_Pula-27_3_T-1,proportion of stopping distance,323,34,0,0.01326298713684082
HRV_Pula-27_3_T-1,proportion of stopping distance,323,35,0,0.010137557983398438
HRV_Pula-27_3_T-1,proportion of stopping distance,329,1,0,0.013951778411865234
HRV_Pula-27_3_T-1,proportion of stopping distance,329,2,0,0.010093450546264648
HRV_Pula-27_3_T-1,proportion of stopping distance,329,3,0,0.00917816162109375
HRV_Pula-27_3_T-1,proportion of stopping distance,329,4,0,0.009386777877807617
HRV_Pula-27_3_T-1,proportion of stopping distance,329,5,0,0.009811162948608398
HRV_Pula-27_3_T-1,proportion of stopping distance,329,6,0,0.007643699645996094
HRV_Pula-27_3_T-1,proportion of stopping distance,329,7,0,0.009235143661499023
HRV_Pula-27_3_T-1,proportion of stopping distance,329,8,0,0.007250308990478516
HRV_Pula-27_3_T-1,proportion of stopping distance,329,9,0,0.012590408325195312
HRV_Pula-27_3_T-1,proportion of stopping distance,329,10,0,0.017028331756591797
HRV_Pula-27_3_T-1,proportion of stopping distance,329,11,0,0.010417938232421875
HRV_Pula-27_3_T-1,proportion of stopping distance,329,12,0,0.015380859375
HRV_Pula-27_3_T-1,proportion of stopping distance,329,13,0,0.02591729164123535
HRV_Pula-27_3_T-1,proportion of stopping distance,329,14,0,0.04103660583496094
HRV_Pula-27_3_T-1,proportion of stopping distance,329,15,0,0.026706933975219727
HRV_Pula-27_3_T-1,proportion of stopping distance,329,16,0,0.01872849464416504
HRV_Pula-27_3_T-1,proportion of stopping distance,329,17,0,0.03050541877746582
HRV_Pula-27_3_T-1,proportion of stopping distance,329,18,0,0.016156435012817383
HRV_Pula-27_3_T-1,proportion of stopping distance,329,19,0,0.019945383071899414
HRV_Pula-27_3_T-1,proportion of stopping distance,329,20,0,0.10373926162719727
HRV_Pula-27_3_T-1,proportion of stopping distance,329,21,0,0.04484391212463379
HRV_Pula-27_3_T-1,proportion of stopping distance,329,22,0,0.015050411224365234
HRV_Pula-27_3_T-1,proportion of stopping distance,329,23,0,0.03441309928894043
HRV_Pula-27_3_T-1,proportion of stopping distance,329,24,0,0.011728048324584961
HRV_Pula-27_3_T-1,proportion of stopping distance,329,25,0,0.011835813522338867
HRV_Pula-27_3_T-1,proportion of stopping distance,329,26,0,0.0286099910736084
HRV_Pula-27_3_T-1,proportion of stopping distance,329,27,0,0.010124683380126953
HRV_Pula-27_3_T-1,proportion of stopping distance,329,28,0,0.0112457275390625
HRV_Pula-27_3_T-1,proportion of stopping distance,329,29,0,0.01296544075012207
HRV_Pula-27_3_T-1,proportion of stopping distance,329,30,0,0.03575897216796875
HRV_Pula-27_3_T-1,proportion of stopping distance,329,31,0,0.011807680130004883
HRV_Pula-27_3_T-1,proportion of stopping distance,329,32,0,0.010483264923095703
HRV_Pula-27_3_T-1,proportion of stopping distance,329,33,0,0.1358356475830078
HRV_Pula-27_3_T-1,proportion of stopping distance,329,34,0,0.006753444671630859
HRV_Pula-27_3_T-1,proportion of stopping distance,329,35,0,0.007169961929321289
HRV_Pula-27_3_T-1,proportion of stopping distance,331,1,inf,0.19866371154785156
HRV_Pula-27_3_T-1,proportion of stopping distance,331,2,inf,0.12034368515014648
HRV_Pula-27_3_T-1,proportion of stopping distance,331,3,inf,0.13958454132080078
HRV_Pula-27_3_T-1,proportion of stopping distance,331,4,inf,0.25275635719299316
HRV_Pula-27_3_T-1,proportion of stopping distance,331,5,inf,0.12674641609191895
HRV_Pula-27_3_T-1,proportion of stopping distance,331,6,inf,0.22893548011779785
HRV_Pula-27_3_T-1,proportion of stopping distance,331,7,inf,0.325592041015625
HRV_Pula-27_3_T-1,proportion of stopping distance,331,8,inf,0.11797332763671875
HRV_Pula-27_3_T-1,proportion of stopping distance,331,9,inf,0.10938620567321777
HRV_Pula-27_3_T-1,proportion of stopping distance,331,10,inf,0.10973906517028809
HRV_Pula-27_3_T-1,proportion of stopping distance,331,11,inf,0.08715152740478516
HRV_Pula-27_3_T-1,proportion of stopping distance,331,12,inf,0.1253502368927002
HRV_Pula-27_3_T-1,proportion of stopping distance,331,13,inf,0.10660862922668457
HRV_Pula-27_3_T-1,proportion of stopping distance,331,14,inf,0.11612105369567871
HRV_Pula-27_3_T-1,proportion of stopping distance,331,15,inf,0.0854806900024414
HRV_Pula-27_3_T-1,proportion of stopping distance,331,16,inf,0.08717489242553711
HRV_Pula-27_3_T-1,proportion of stopping distance,331,17,inf,0.14355969429016113
HRV_Pula-27_3_T-1,proportion of stopping distance,331,18,inf,0.06108975410461426
HRV_Pula-27_3_T-1,proportion of stopping distance,331,19,inf,0.06283235549926758
HRV_Pula-27_3_T-1,proportion of stopping distance,331,20,inf,0.061841726303100586
HRV_Pula-27_3_T-1,proportion of stopping distance,331,21,inf,0.05427384376525879
HRV_Pula-27_3_T-1,proportion of stopping distance,331,22,inf,0.0509495735168457
HRV_Pula-27_3_T-1,proportion of stopping distance,331,23,inf,0.04518628120422363
HRV_Pula-27_3_T-1,proportion of stopping distance,331,24,inf,0.0460505485534668
HRV_Pula-27_3_T-1,proportion of stopping distance,331,25,inf,0.06695914268493652
HRV_Pula-27_3_T-1,proportion of stopping distance,331,26,inf,0.049451589584350586
HRV_Pula-27_3_T-1,proportion of stopping distance,331,27,inf,0.03628253936767578
HRV_Pula-27_3_T-1,proportion of stopping distance,331,28,inf,0.027533769607543945
HRV_Pula-27_3_T-1,proportion of stopping distance,331,29,inf,0.022085189819335938
HRV_Pula-27_3_T-1,proportion of stopping distance,331,30,inf,0.01635456085205078
HRV_Pula-27_3_T-1,proportion of stopping distance,331,31,inf,0.02415943145751953
HRV_Pula-27_3_T-1,proportion of stopping distance,331,32,inf,0.03434896469116211
HRV_Pula-27_3_T-1,proportion of stopping distance,338,1,inf,0.31815028190612793
HRV_Pula-27_3_T-1,proportion of stopping distance,338,2,inf,0.330289363861084
HRV_Pula-27_3_T-1,proportion of stopping distance,338,3,inf,0.31371068954467773
HRV_Pula-27_3_T-1,proportion of stopping distance,338,4,inf,0.23510122299194336
HRV_Pula-27_3_T-1,proportion of stopping distance,338,5,inf,0.23540973663330078
HRV_Pula-27_3_T-1,proportion of stopping distance,338,6,inf,0.220961332321167
HRV_Pula-27_3_T-1,proportion of stopping distance,338,7,inf,0.21182918548583984
HRV_Pula-27_3_T-1,proportion of stopping distance,338,8,inf,0.22617888450622559
HRV_Pula-27_3_T-1,proportion of stopping distance,338,9,inf,0.21264886856079102
HRV_Pula-27_3_T-1,proportion of stopping distance,338,10,inf,0.353410005569458
HRV_Pula-27_3_T-1,proportion of stopping distance,338,11,inf,0.20168471336364746
HRV_Pula-27_3_T-1,proportion of stopping distance,338,12,inf,0.19111013412475586
HRV_Pula-27_3_T-1,proportion of stopping distance,338,13,inf,0.18889498710632324
HRV_Pula-27_3_T-1,proportion of stopping distance,338,14,inf,0.17092108726501465
HRV_Pula-27_3_T-1,proportion of stopping distance,338,15,inf,0.15667414665222168
HRV_Pula-27_3_T-1,proportion of stopping distance,338,16,inf,0.14589357376098633
HRV_Pula-27_3_T-1,proportion of stopping distance,338,17,inf,0.1836395263671875
HRV_Pula-27_3_T-1,proportion of stopping distance,338,18,inf,0.12120985984802246
HRV_Pula-27_3_T-1,proportion of stopping distance,338,19,inf,0.10394859313964844
HRV_Pula-27_3_T-1,proportion of stopping distance,338,20,inf,0.14175057411193848
HRV_Pula-27_3_T-1,proportion of stopping distance,338,21,inf,0.11670041084289551
HRV_Pula-27_3_T-1,proportion of stopping distance,338,22,inf,0.10953211784362793
HRV_Pula-27_3_T-1,proportion of stopping distance,338,23,inf,0.09026956558227539
HRV_Pula-27_3_T-1,proportion of stopping distance,338,24,inf,0.08223247528076172
HRV_Pula-27_3_T-1,proportion of stopping distance,338,25,inf,0.07263779640197754
HRV_Pula-27_3_T-1,proportion of stopping distance,338,26,inf,0.17275023460388184
HRV_Pula-27_3_T-1,proportion of stopping distance,338,27,inf,0.15883636474609375
HRV_Pula-27_3_T-1,proportion of stopping distance,338,28,inf,0.07147741317749023
HRV_Pula-27_3_T-1,proportion of stopping distance,338,29,inf,0.07727909088134766
HRV_Pula-27_3_T-1,proportion of stopping distance,338,30,inf,0.037691354751586914
HRV_Pula-27_3_T-1,proportion of stopping distance,338,31,inf,0.05527639389038086
HRV_Pula-27_3_T-1,proportion of stopping distance,338,32,inf,0.09387898445129395
HRV_Pula-27_3_T-1,proportion of stopping distance,345,1,inf,0.009021282196044922
HRV_Pula-27_3_T-1,proportion of stopping distance,345,2,inf,0.006676912307739258
HRV_Pula-27_3_T-1,proportion of stopping distance,345,3,inf,0.006014347076416016
HRV_Pula-27_3_T-1,proportion of stopping distance,345,4,inf,0.008832693099975586
HRV_Pula-27_3_T-1,proportion of stopping distance,345,5,inf,0.006313800811767578
HRV_Pula-27_3_T-1,proportion of stopping distance,345,6,inf,0.0063512325286865234
HRV_Pula-27_3_T-1,proportion of stopping distance,345,7,inf,0.006161212921142578
HRV_Pula-27_3_T-1,proportion of stopping distance,345,8,inf,0.007164716720581055
HRV_Pula-27_3_T-1,proportion of stopping distance,345,9,inf,0.012964487075805664
HRV_Pula-27_3_T-1,proportion of stopping distance,345,10,inf,0.012236356735229492
HRV_Pula-27_3_T-1,proportion of stopping distance,345,11,inf,0.019370079040527344
HRV_Pula-27_3_T-1,proportion of stopping distance,345,12,inf,0.008182764053344727
HRV_Pula-27_3_T-1,proportion of stopping distance,345,13,inf,0.01194000244140625
HRV_Pula-27_3_T-1,proportion of stopping distance,345,14,inf,0.008213520050048828
HRV_Pula-27_3_T-1,proportion of stopping distance,345,15,inf,0.008444070816040039
HRV_Pula-27_3_T-1,proportion of stopping distance,345,16,inf,0.008639335632324219
HRV_Pula-27_3_T-1,proportion of stopping distance,345,17,inf,0.00810861587524414
HRV_Pula-27_3_T-1,proportion of stopping distance,345,18,inf,0.008087635040283203
HRV_Pula-27_3_T-1,proportion of stopping distance,345,19,inf,0.007381916046142578
HRV_Pula-27_3_T-1,proportion of stopping distance,345,20,inf,0.006092071533203125
HRV_Pula-27_3_T-1,proportion of stopping distance,345,21,inf,0.008654356002807617
HRV_Pula-27_3_T-1,proportion of stopping distance,345,22,inf,0.014501094818115234
HRV_Pula-27_3_T-1,proportion of stopping distance,345,23,inf,0.0061266422271728516
HRV_Pula-27_3_T-1,proportion of stopping distance,345,24,inf,0.006000995635986328
HRV_Pula-27_3_T-1,proportion of stopping distance,345,25,inf,0.005975961685180664
HRV_Pula-27_3_T-1,proportion of stopping distance,345,26,inf,0.005754232406616211
HRV_Pula-27_3_T-1,proportion of stopping distance,345,27,inf,0.006364345550537109
HRV_Pula-27_3_T-1,proportion of stopping distance,345,28,inf,0.0058956146240234375
HRV_Pula-27_3_T-1,proportion of stopping distance,345,29,inf,0.0059888362884521484
HRV_Pula-27_3_T-1,proportion of stopping distance,345,30,inf,0.005982398986816406
HRV_Pula-27_3_T-1,proportion of stopping distance,345,31,inf,0.005917549133300781
HRV_Pula-27_3_T-1,proportion of stopping distance,345,32,0,0.005857944488525391
HRV_Pula-27_3_T-1,proportion of stopping distance,345,33,inf,0.0059468746185302734
HRV_Pula-27_3_T-1,proportion of stopping distance,345,34,0,0.005813121795654297
HRV_Pula-27_3_T-1,proportion of stopping distance,345,35,0,0.008172035217285156
HRV_Pula-27_3_T-1,proportion of stopping distance,352,1,inf,0.013153076171875
HRV_Pula-27_3_T-1,proportion of stopping distance,352,2,inf,0.010791778564453125
HRV_Pula-27_3_T-1,proportion of stopping distance,352,3,inf,0.012346982955932617
HRV_Pula-27_3_T-1,proportion of stopping distance,352,4,inf,0.01556396484375
HRV_Pula-27_3_T-1,proportion of stopping distance,352,5,inf,0.012219667434692383
HRV_Pula-27_3_T-1,proportion of stopping distance,352,6,inf,0.011287212371826172
HRV_Pula-27_3_T-1,proportion of stopping distance,352,7,inf,0.012440204620361328
HRV_Pula-27_3_T-1,proportion of stopping distance,352,8,inf,0.008603096008300781
HRV_Pula-27_3_T-1,proportion of stopping distance,352,9,inf,0.00886845588684082
HRV_Pula-27_3_T-1,proportion of stopping distance,352,10,inf,0.007138967514038086
HRV_Pula-27_3_T-1,proportion of stopping distance,352,11,inf,0.008305788040161133
HRV_Pula-27_3_T-1,proportion of stopping distance,352,12,inf,0.0076525211334228516
HRV_Pula-27_3_T-1,proportion of stopping distance,352,13,inf,0.011113882064819336
HRV_Pula-27_3_T-1,proportion of stopping distance,352,14,inf,0.008468866348266602
HRV_Pula-27_3_T-1,proportion of stopping distance,352,15,inf,0.006078481674194336
HRV_Pula-27_3_T-1,proportion of stopping distance,352,16,inf,0.006865024566650391
HRV_Pula-27_3_T-1,proportion of stopping distance,352,17,inf,0.005988359451293945
HRV_Pula-27_3_T-1,proportion of stopping distance,352,18,inf,0.005738019943237305
HRV_Pula-27_3_T-1,proportion of stopping distance,352,19,inf,0.005746603012084961
HRV_Pula-27_3_T-1,proportion of stopping distance,352,20,inf,0.0060846805572509766
HRV_Pula-27_3_T-1,proportion of stopping distance,352,21,inf,0.005988121032714844
HRV_Pula-27_3_T-1,proportion of stopping distance,352,22,inf,0.005860090255737305
HRV_Pula-27_3_T-1,proportion of stopping distance,352,23,inf,0.012670278549194336
HRV_Pula-27_3_T-1,proportion of stopping distance,352,24,inf,0.006365537643432617
HRV_Pula-27_3_T-1,proportion of stopping distance,352,25,inf,0.005969524383544922
HRV_Pula-27_3_T-1,proportion of stopping distance,352,26,inf,0.005862236022949219
HRV_Pula-27_3_T-1,proportion of stopping distance,352,27,inf,0.006040811538696289
HRV_Pula-27_3_T-1,proportion of stopping distance,352,28,inf,0.0058057308197021484
HRV_Pula-27_3_T-1,proportion of stopping distance,352,29,inf,0.005846738815307617
HRV_Pula-27_3_T-1,proportion of stopping distance,352,30,inf,0.0056798458099365234
HRV_Pula-27_3_T-1,proportion of stopping distance,352,31,inf,0.00662541389465332
HRV_Pula-27_3_T-1,proportion of stopping distance,352,32,inf,0.005793094635009766
HRV_Pula-27_3_T-1,proportion of stopping distance,352,33,inf,0.006199836730957031
HRV_Pula-27_3_T-1,proportion of stopping distance,352,34,inf,0.00574493408203125
HRV_Pula-27_3_T-1,proportion of stopping distance,352,35,inf,0.005896568298339844
HRV_Pula-27_3_T-1,proportion of stopping distance,354,1,inf,0.12562274932861328
HRV_Pula-27_3_T-1,proportion of stopping distance,354,2,inf,0.11999654769897461
HRV_Pula-27_3_T-1,proportion of stopping distance,354,3,inf,0.14026975631713867
HRV_Pula-27_3_T-1,proportion of stopping distance,354,4,inf,0.18281817436218262
HRV_Pula-27_3_T-1,proportion of stopping distance,354,5,inf,0.12555646896362305
HRV_Pula-27_3_T-1,proportion of stopping distance,354,6,inf,0.1094963550567627
HRV_Pula-27_3_T-1,proportion of stopping distance,354,7,inf,0.11628079414367676
HRV_Pula-27_3_T-1,proportion of stopping distance,354,8,inf,0.11796736717224121
HRV_Pula-27_3_T-1,proportion of stopping distance,354,9,inf,0.10452103614807129
HRV_Pula-27_3_T-1,proportion of stopping distance,354,10,inf,0.09377264976501465
HRV_Pula-27_3_T-1,proportion of stopping distance,354,11,inf,0.09696435928344727
HRV_Pula-27_3_T-1,proportion of stopping distance,354,12,inf,0.10891008377075195
HRV_Pula-27_3_T-1,proportion of stopping distance,354,13,inf,0.08304882049560547
HRV_Pula-27_3_T-1,proportion of stopping distance,354,14,inf,0.08632087707519531
HRV_Pula-27_3_T-1,proportion of stopping distance,354,15,inf,0.07369542121887207
HRV_Pula-27_3_T-1,proportion of stopping distance,354,16,inf,0.06914520263671875
HRV_Pula-27_3_T-1,proportion of stopping distance,354,17,inf,0.06510281562805176
HRV_Pula-27_3_T-1,proportion of stopping distance,354,18,inf,0.0653986930847168
HRV_Pula-27_3_T-1,proportion of stopping distance,354,19,inf,0.06194591522216797
HRV_Pula-27_3_T-1,proportion of stopping distance,354,20,inf,0.0640099048614502
HRV_Pula-27_3_T-1,proportion of stopping distance,354,21,inf,0.058487892150878906
HRV_Pula-27_3_T-1,proportion of stopping distance,354,22,inf,0.048558712005615234
HRV_Pula-27_3_T-1,proportion of stopping distance,354,23,inf,0.050049781799316406
HRV_Pula-27_3_T-1,proportion of stopping distance,354,24,inf,0.040541887283325195
HRV_Pula-27_3_T-1,proportion of stopping distance,354,25,inf,0.042675018310546875
HRV_Pula-27_3_T-1,proportion of stopping distance,354,26,inf,0.15097546577453613
HRV_Pula-27_3_T-1,proportion of stopping distance,354,27,inf,0.12898969650268555
HRV_Pula-27_3_T-1,proportion of stopping distance,354,28,inf,0.0328366756439209
HRV_Pula-27_3_T-1,proportion of stopping distance,354,29,inf,0.023612499237060547
HRV_Pula-27_3_T-1,proportion of stopping distance,354,30,inf,0.026581764221191406
HRV_Pula-27_3_T-1,proportion of stopping distance,354,31,inf,0.017618894577026367
HRV_Pula-27_3_T-1,proportion of stopping distance,354,32,inf,0.013862371444702148
HRV_Pula-27_3_T-1,proportion of stopping distance,357,1,inf,0.13205194473266602
HRV_Pula-27_3_T-1,proportion of stopping distance,357,2,inf,0.15375399589538574
HRV_Pula-27_3_T-1,proportion of stopping distance,357,3,inf,0.13029909133911133
HRV_Pula-27_3_T-1,proportion of stopping distance,357,4,inf,0.11645746231079102
HRV_Pula-27_3_T-1,proportion of stopping distance,357,5,inf,0.006384611129760742
HRV_Pula-27_3_T-1,proportion of stopping distance,357,6,inf,0.12905216217041016
HRV_Pula-27_3_T-1,proportion of stopping distance,357,7,inf,0.10706114768981934
HRV_Pula-27_3_T-1,proportion of stopping distance,357,8,inf,0.006111860275268555
HRV_Pula-27_3_T-1,proportion of stopping distance,357,9,inf,0.006458759307861328
HRV_Pula-27_3_T-1,proportion of stopping distance,357,10,inf,0.005763053894042969
HRV_Pula-27_3_T-1,proportion of stopping distance,357,11,inf,0.005555391311645508
HRV_Pula-27_3_T-1,proportion of stopping distance,357,12,inf,0.007605075836181641
HRV_Pula-27_3_T-1,proportion of stopping distance,357,13,inf,0.0057222843170166016
HRV_Pula-27_3_T-1,proportion of stopping distance,357,14,inf,0.005828142166137695
HRV_Pula-27_3_T-1,proportion of stopping distance,357,15,inf,0.005812168121337891
HRV_Pula-27_3_T-1,proportion of stopping distance,357,16,inf,0.005773782730102539
HRV_Pula-27_3_T-1,proportion of stopping distance,357,17,inf,0.0058553218841552734
HRV_Pula-27_3_T-1,proportion of stopping distance,357,18,inf,0.013100147247314453
HRV_Pula-27_3_T-1,proportion of stopping distance,357,19,inf,0.005934000015258789
HRV_Pula-27_3_T-1,proportion of stopping distance,357,20,inf,0.005785703659057617
HRV_Pula-27_3_T-1,proportion of stopping distance,357,21,inf,0.005820274353027344
HRV_Pula-27_3_T-1,proportion of stopping distance,357,22,inf,0.005758762359619141
HRV_Pula-27_3_T-1,proportion of stopping distance,357,23,inf,0.0061380863189697266
HRV_Pula-27_3_T-1,proportion of stopping distance,357,24,inf,0.005914211273193359
HRV_Pula-27_3_T-1,proportion of stopping distance,357,25,inf,0.005886077880859375
HRV_Pula-27_3_T-1,proportion of stopping distance,357,26,inf,0.005765676498413086
HRV_Pula-27_3_T-1,proportion of stopping distance,357,27,inf,0.005730152130126953
HRV_Pula-27_3_T-1,proportion of stopping distance,357,28,inf,0.005605936050415039
HRV_Pula-27_3_T-1,proportion of stopping distance,357,29,inf,0.0056781768798828125
HRV_Pula-27_3_T-1,proportion of stopping distance,357,30,inf,0.005738496780395508
HRV_Pula-27_3_T-1,proportion of stopping distance,357,31,inf,0.00571894645690918
HRV_Pula-27_3_T-1,proportion of stopping distance,357,32,inf,0.005883455276489258
HRV_Pula-27_3_T-1,proportion of stopping distance,357,33,inf,0.00563502311706543
HRV_Pula-27_3_T-1,proportion of stopping distance,357,34,inf,0.014281988143920898
HRV_Pula-27_3_T-1,proportion of stopping distance,357,35,inf,0.007218599319458008
DEU_Moelln-4_4_T-1,proportion of stopping distance,33,1,inf,0.0871877670288086
DEU_Moelln-4_4_T-1,proportion of stopping distance,33,2,inf,0.054544687271118164
DEU_Moelln-4_4_T-1,proportion of stopping distance,33,3,inf,0.05247688293457031
DEU_Moelln-4_4_T-1,proportion of stopping distance,33,4,inf,0.3242008686065674
DEU_Moelln-4_4_T-1,proportion of stopping distance,33,5,inf,0.2962830066680908
DEU_Moelln-4_4_T-1,proportion of stopping distance,33,6,inf,0.11334013938903809
DEU_Moelln-4_4_T-1,proportion of stopping distance,33,7,inf,0.16218829154968262
DEU_Moelln-4_4_T-1,proportion of stopping distance,33,8,inf,0.18096923828125
DEU_Moelln-4_4_T-1,proportion of stopping distance,33,9,inf,0.2544431686401367
DEU_Moelln-4_4_T-1,proportion of stopping distance,33,10,inf,0.1979665756225586
DEU_Moelln-4_4_T-1,proportion of stopping distance,33,11,inf,0.04140758514404297
DEU_Moelln-4_4_T-1,proportion of stopping distance,33,12,inf,0.13028931617736816
DEU_Moelln-4_4_T-1,proportion of stopping distance,33,13,inf,0.051999807357788086
DEU_Moelln-4_4_T-1,proportion of stopping distance,33,14,inf,0.038851261138916016
DEU_Moelln-4_4_T-1,proportion of stopping distance,33,15,inf,0.12819790840148926
DEU_Moelln-4_4_T-1,proportion of stopping distance,33,16,inf,0.03125476837158203
DEU_Moelln-4_4_T-1,proportion of stopping distance,33,17,inf,0.030667543411254883
DEU_Moelln-4_4_T-1,proportion of stopping distance,33,18,inf,0.06075572967529297
DEU_Moelln-4_4_T-1,proportion of stopping distance,33,19,inf,0.1048130989074707
DEU_Moelln-4_4_T-1,proportion of stopping distance,33,20,inf,0.10662961006164551
DEU_Moelln-4_4_T-1,proportion of stopping distance,33,21,inf,0.13117575645446777
DEU_Moelln-4_4_T-1,proportion of stopping distance,33,22,inf,0.021735668182373047
DEU_Moelln-4_4_T-1,proportion of stopping distance,33,23,inf,0.15046954154968262
DEU_Moelln-4_4_T-1,proportion of stopping distance,33,24,inf,0.018771648406982422
DEU_Moelln-4_4_T-1,proportion of stopping distance,33,25,inf,0.01787710189819336
DEU_Moelln-4_4_T-1,proportion of stopping distance,33,26,inf,0.026443958282470703
DEU_Moelln-4_4_T-1,proportion of stopping distance,33,27,inf,0.09750986099243164
DEU_Moelln-4_4_T-1,proportion of stopping distance,33,28,inf,0.29158902168273926
DEU_Moelln-4_4_T-1,proportion of stopping distance,33,29,inf,0.010725975036621094
DEU_Moelln-4_4_T-1,proportion of stopping distance,33,30,inf,0.008761167526245117
DEU_Moelln-4_4_T-1,proportion of stopping distance,33,31,inf,0.04148149490356445
DEU_Moelln-4_4_T-1,proportion of stopping distance,33,32,inf,0.024558305740356445
DEU_Moelln-4_4_T-1,proportion of stopping distance,36,1,inf,0.20478582382202148
DEU_Moelln-4_4_T-1,proportion of stopping distance,36,2,inf,0.05524706840515137
DEU_Moelln-4_4_T-1,proportion of stopping distance,36,3,inf,0.1723482608795166
DEU_Moelln-4_4_T-1,proportion of stopping distance,36,4,inf,0.13486909866333008
DEU_Moelln-4_4_T-1,proportion of stopping distance,36,5,inf,0.07411384582519531
DEU_Moelln-4_4_T-1,proportion of stopping distance,36,6,inf,0.047670841217041016
DEU_Moelln-4_4_T-1,proportion of stopping distance,36,7,inf,0.08118677139282227
DEU_Moelln-4_4_T-1,proportion of stopping distance,36,8,inf,0.08997702598571777
DEU_Moelln-4_4_T-1,proportion of stopping distance,36,9,inf,0.04254770278930664
DEU_Moelln-4_4_T-1,proportion of stopping distance,36,10,inf,0.12361979484558105
DEU_Moelln-4_4_T-1,proportion of stopping distance,36,11,inf,0.039356231689453125
DEU_Moelln-4_4_T-1,proportion of stopping distance,36,12,inf,0.03851056098937988
DEU_Moelln-4_4_T-1,proportion of stopping distance,36,13,inf,0.14180421829223633
DEU_Moelln-4_4_T-1,proportion of stopping distance,36,14,inf,0.3319883346557617
DEU_Moelln-4_4_T-1,proportion of stopping distance,36,15,inf,0.06832122802734375
DEU_Moelln-4_4_T-1,proportion of stopping distance,36,16,inf,0.06662201881408691
DEU_Moelln-4_4_T-1,proportion of stopping distance,36,17,inf,0.03236103057861328
DEU_Moelln-4_4_T-1,proportion of stopping distance,36,18,inf,0.08121061325073242
DEU_Moelln-4_4_T-1,proportion of stopping distance,36,19,inf,0.037093400955200195
DEU_Moelln-4_4_T-1,proportion of stopping distance,36,20,inf,0.024767637252807617
DEU_Moelln-4_4_T-1,proportion of stopping distance,36,21,inf,0.024463891983032227
DEU_Moelln-4_4_T-1,proportion of stopping distance,36,22,inf,0.021462678909301758
DEU_Moelln-4_4_T-1,proportion of stopping distance,36,23,inf,0.02727794647216797
DEU_Moelln-4_4_T-1,proportion of stopping distance,36,24,inf,0.08773326873779297
DEU_Moelln-4_4_T-1,proportion of stopping distance,36,25,inf,0.08395719528198242
DEU_Moelln-4_4_T-1,proportion of stopping distance,36,26,inf,0.014993667602539062
DEU_Moelln-4_4_T-1,proportion of stopping distance,36,27,inf,0.18356919288635254
DEU_Moelln-4_4_T-1,proportion of stopping distance,36,28,inf,0.25816941261291504
DEU_Moelln-4_4_T-1,proportion of stopping distance,36,29,inf,0.04697775840759277
DEU_Moelln-4_4_T-1,proportion of stopping distance,36,30,inf,0.02416396141052246
DEU_Moelln-4_4_T-1,proportion of stopping distance,36,31,inf,0.01925039291381836
DEU_Moelln-4_4_T-1,proportion of stopping distance,36,32,inf,0.007101535797119141
DEU_Moelln-4_4_T-1,proportion of stopping distance,37,1,inf,0.25571131706237793
DEU_Moelln-4_4_T-1,proportion of stopping distance,37,2,inf,0.3362913131713867
DEU_Moelln-4_4_T-1,proportion of stopping distance,37,3,inf,0.2431957721710205
DEU_Moelln-4_4_T-1,proportion of stopping distance,37,4,inf,0.2845458984375
DEU_Moelln-4_4_T-1,proportion of stopping distance,37,5,inf,0.2928171157836914
DEU_Moelln-4_4_T-1,proportion of stopping distance,37,6,inf,0.21428298950195312
DEU_Moelln-4_4_T-1,proportion of stopping distance,37,7,inf,0.2913496494293213
DEU_Moelln-4_4_T-1,proportion of stopping distance,37,8,inf,0.2628958225250244
DEU_Moelln-4_4_T-1,proportion of stopping distance,37,9,inf,0.23145079612731934
DEU_Moelln-4_4_T-1,proportion of stopping distance,37,10,inf,0.18630003929138184
DEU_Moelln-4_4_T-1,proportion of stopping distance,37,11,inf,0.16573190689086914
DEU_Moelln-4_4_T-1,proportion of stopping distance,37,12,inf,0.2694218158721924
DEU_Moelln-4_4_T-1,proportion of stopping distance,37,13,inf,0.23334956169128418
DEU_Moelln-4_4_T-1,proportion of stopping distance,37,14,inf,0.15108728408813477
DEU_Moelln-4_4_T-1,proportion of stopping distance,37,15,inf,0.10749506950378418
DEU_Moelln-4_4_T-1,proportion of stopping distance,37,16,inf,0.11310267448425293
DEU_Moelln-4_4_T-1,proportion of stopping distance,37,17,inf,0.0877540111541748
DEU_Moelln-4_4_T-1,proportion of stopping distance,37,18,inf,0.1067354679107666
DEU_Moelln-4_4_T-1,proportion of stopping distance,37,19,inf,0.10412955284118652
DEU_Moelln-4_4_T-1,proportion of stopping distance,37,20,inf,0.20324134826660156
DEU_Moelln-4_4_T-1,proportion of stopping distance,37,21,inf,0.06745123863220215
DEU_Moelln-4_4_T-1,proportion of stopping distance,37,22,inf,0.20009326934814453
DEU_Moelln-4_4_T-1,proportion of stopping distance,37,23,inf,0.046178579330444336
DEU_Moelln-4_4_T-1,proportion of stopping distance,37,24,inf,0.04954361915588379
DEU_Moelln-4_4_T-1,proportion of stopping distance,37,25,inf,0.01923537254333496
DEU_Moelln-4_4_T-1,proportion of stopping distance,37,26,inf,0.024419546127319336
DEU_Moelln-4_4_T-1,proportion of stopping distance,37,27,inf,0.0296175479888916
DEU_Moelln-4_4_T-1,proportion of stopping distance,37,28,inf,0.04018354415893555
DEU_Moelln-4_4_T-1,proportion of stopping distance,37,29,inf,0.059958696365356445
DEU_Moelln-4_4_T-1,proportion of stopping distance,37,30,inf,0.03182053565979004
DEU_Moelln-4_4_T-1,proportion of stopping distance,37,31,inf,0.010625600814819336
DEU_Moelln-4_4_T-1,proportion of stopping distance,37,32,inf,0.007384300231933594
DEU_Moelln-4_4_T-1,proportion of stopping distance,310,1,inf,nan
DEU_Moelln-4_4_T-1,proportion of stopping distance,310,2,inf,nan
DEU_Moelln-4_4_T-1,proportion of stopping distance,310,3,inf,nan
DEU_Moelln-4_4_T-1,proportion of stopping distance,310,4,inf,nan
DEU_Moelln-4_4_T-1,proportion of stopping distance,310,5,inf,0.14622831344604492
DEU_Moelln-4_4_T-1,proportion of stopping distance,310,6,inf,0.1951889991760254
DEU_Moelln-4_4_T-1,proportion of stopping distance,310,7,inf,0.17771339416503906
DEU_Moelln-4_4_T-1,proportion of stopping distance,310,8,inf,0.1170051097869873
DEU_Moelln-4_4_T-1,proportion of stopping distance,310,9,inf,0.23376178741455078
DEU_Moelln-4_4_T-1,proportion of stopping distance,310,10,inf,0.09188556671142578
DEU_Moelln-4_4_T-1,proportion of stopping distance,310,11,inf,0.12437582015991211
DEU_Moelln-4_4_T-1,proportion of stopping distance,310,12,inf,0.08305215835571289
DEU_Moelln-4_4_T-1,proportion of stopping distance,310,13,inf,0.202559232711792
DEU_Moelln-4_4_T-1,proportion of stopping distance,310,14,inf,nan
DEU_Moelln-4_4_T-1,proportion of stopping distance,310,15,inf,nan
DEU_Moelln-4_4_T-1,proportion of stopping distance,310,16,inf,nan
DEU_Moelln-4_4_T-1,proportion of stopping distance,310,17,inf,nan
DEU_Moelln-4_4_T-1,proportion of stopping distance,310,18,inf,nan
DEU_Moelln-4_4_T-1,proportion of stopping distance,310,19,inf,nan
DEU_Moelln-4_4_T-1,proportion of stopping distance,310,20,inf,nan
DEU_Moelln-4_4_T-1,proportion of stopping distance,310,21,inf,nan
DEU_Moelln-4_4_T-1,proportion of stopping distance,310,22,inf,nan
DEU_Moelln-4_4_T-1,proportion of stopping distance,310,23,inf,nan
DEU_Moelln-4_4_T-1,proportion of stopping distance,310,24,inf,nan
DEU_Moelln-4_4_T-1,proportion of stopping distance,310,25,inf,nan
DEU_Moelln-4_4_T-1,proportion of stopping distance,310,26,inf,nan
DEU_Moelln-4_4_T-1,proportion of stopping distance,310,27,inf,nan
DEU_Moelln-4_4_T-1,proportion of stopping distance,310,28,inf,nan
DEU_Moelln-4_4_T-1,proportion of stopping distance,310,29,inf,nan
DEU_Moelln-4_4_T-1,proportion of stopping distance,310,30,inf,nan
DEU_Moelln-4_4_T-1,proportion of stopping distance,310,31,inf,nan
DEU_Moelln-4_4_T-1,proportion of stopping distance,310,32,inf,nan
DEU_Moelln-4_4_T-1,proportion of stopping distance,327,1,inf,nan
DEU_Moelln-4_4_T-1,proportion of stopping distance,327,2,inf,nan
DEU_Moelln-4_4_T-1,proportion of stopping distance,327,3,inf,nan
DEU_Moelln-4_4_T-1,proportion of stopping distance,327,4,inf,nan
DEU_Moelln-4_4_T-1,proportion of stopping distance,327,5,inf,nan
DEU_Moelln-4_4_T-1,proportion of stopping distance,327,6,inf,nan
DEU_Moelln-4_4_T-1,proportion of stopping distance,327,7,inf,nan
DEU_Moelln-4_4_T-1,proportion of stopping distance,327,8,inf,nan
DEU_Moelln-4_4_T-1,proportion of stopping distance,327,9,inf,nan
DEU_Moelln-4_4_T-1,proportion of stopping distance,327,10,inf,nan
DEU_Moelln-4_4_T-1,proportion of stopping distance,327,11,inf,nan
DEU_Moelln-4_4_T-1,proportion of stopping distance,327,12,inf,nan
DEU_Moelln-4_4_T-1,proportion of stopping distance,327,13,inf,nan
DEU_Moelln-4_4_T-1,proportion of stopping distance,327,14,inf,nan
DEU_Moelln-4_4_T-1,proportion of stopping distance,327,15,inf,nan
DEU_Moelln-4_4_T-1,proportion of stopping distance,327,16,inf,nan
DEU_Moelln-4_4_T-1,proportion of stopping distance,327,17,inf,nan
DEU_Moelln-4_4_T-1,proportion of stopping distance,327,18,inf,nan
DEU_Moelln-4_4_T-1,proportion of stopping distance,327,19,inf,nan
DEU_Moelln-4_4_T-1,proportion of stopping distance,327,20,inf,nan
DEU_Moelln-4_4_T-1,proportion of stopping distance,327,21,inf,nan
DEU_Moelln-4_4_T-1,proportion of stopping distance,327,22,inf,nan
DEU_Moelln-4_4_T-1,proportion of stopping distance,327,23,inf,nan
DEU_Moelln-4_4_T-1,proportion of stopping distance,327,24,inf,nan
DEU_Moelln-4_4_T-1,proportion of stopping distance,327,25,inf,nan
DEU_Moelln-4_4_T-1,proportion of stopping distance,327,26,inf,nan
DEU_Moelln-4_4_T-1,proportion of stopping distance,327,27,inf,nan
DEU_Moelln-4_4_T-1,proportion of stopping distance,327,28,inf,nan
DEU_Moelln-4_4_T-1,proportion of stopping distance,327,29,inf,nan
DEU_Moelln-4_4_T-1,proportion of stopping distance,327,30,inf,nan
DEU_Moelln-4_4_T-1,proportion of stopping distance,327,31,inf,nan
DEU_Moelln-4_4_T-1,proportion of stopping distance,327,32,inf,nan
DEU_Moelln-4_4_T-1,proportion of stopping distance,327,33,inf,nan
DEU_Moelln-4_4_T-1,proportion of stopping distance,327,34,inf,nan
DEU_Moelln-4_4_T-1,proportion of stopping distance,327,35,inf,nan
DEU_Moelln-4_4_T-1,proportion of stopping distance,334,1,inf,0.005015134811401367
DEU_Moelln-4_4_T-1,proportion of stopping distance,334,2,inf,0.0044727325439453125
DEU_Moelln-4_4_T-1,proportion of stopping distance,334,3,inf,0.005380868911743164
DEU_Moelln-4_4_T-1,proportion of stopping distance,334,4,inf,0.006185770034790039
DEU_Moelln-4_4_T-1,proportion of stopping distance,334,5,inf,0.006223201751708984
DEU_Moelln-4_4_T-1,proportion of stopping distance,334,6,inf,0.005281209945678711
DEU_Moelln-4_4_T-1,proportion of stopping distance,334,7,inf,0.004294157028198242
DEU_Moelln-4_4_T-1,proportion of stopping distance,334,8,inf,0.004294633865356445
DEU_Moelln-4_4_T-1,proportion of stopping distance,334,9,inf,0.004596233367919922
DEU_Moelln-4_4_T-1,proportion of stopping distance,334,10,inf,0.004388093948364258
DEU_Moelln-4_4_T-1,proportion of stopping distance,334,11,inf,0.07176423072814941
DEU_Moelln-4_4_T-1,proportion of stopping distance,334,12,inf,0.008285284042358398
DEU_Moelln-4_4_T-1,proportion of stopping distance,334,13,inf,0.08504796028137207
DEU_Moelln-4_4_T-1,proportion of stopping distance,334,14,inf,0.005020856857299805
DEU_Moelln-4_4_T-1,proportion of stopping distance,334,15,inf,0.009784460067749023
DEU_Moelln-4_4_T-1,proportion of stopping distance,334,16,inf,0.03476142883300781
DEU_Moelln-4_4_T-1,proportion of stopping distance,334,17,inf,0.032035112380981445
DEU_Moelln-4_4_T-1,proportion of stopping distance,334,18,inf,0.027314424514770508
DEU_Moelln-4_4_T-1,proportion of stopping distance,334,19,inf,0.004754066467285156
DEU_Moelln-4_4_T-1,proportion of stopping distance,334,20,inf,0.010383844375610352
DEU_Moelln-4_4_T-1,proportion of stopping distance,334,21,inf,0.014634132385253906
DEU_Moelln-4_4_T-1,proportion of stopping distance,334,22,inf,0.0073735713958740234
DEU_Moelln-4_4_T-1,proportion of stopping distance,334,23,inf,0.004887580871582031
DEU_Moelln-4_4_T-1,proportion of stopping distance,334,24,inf,0.005589485168457031
DEU_Moelln-4_4_T-1,proportion of stopping distance,334,25,inf,0.005178213119506836
DEU_Moelln-4_4_T-1,proportion of stopping distance,334,26,0,0.004876375198364258
DEU_Moelln-4_4_T-1,proportion of stopping distance,334,27,0,0.005193948745727539
DEU_Moelln-4_4_T-1,proportion of stopping distance,334,28,0,0.004764556884765625
DEU_Moelln-4_4_T-1,proportion of stopping distance,334,29,0,0.005264759063720703
DEU_Moelln-4_4_T-1,proportion of stopping distance,334,30,0,0.004656314849853516
DEU_Moelln-4_4_T-1,proportion of stopping distance,334,31,0,0.004771232604980469
DEU_Moelln-4_4_T-1,proportion of stopping distance,334,32,0,0.0048465728759765625
DEU_Moelln-4_4_T-1,proportion of stopping distance,334,33,0,0.004830837249755859
DEU_Moelln-4_4_T-1,proportion of stopping distance,334,34,0,0.004491329193115234
DEU_Moelln-4_4_T-1,proportion of stopping distance,334,35,0,0.004866361618041992
DEU_Moelln-4_4_T-1,proportion of stopping distance,340,1,inf,0.08489584922790527
DEU_Moelln-4_4_T-1,proportion of stopping distance,340,2,inf,0.07054829597473145
DEU_Moelln-4_4_T-1,proportion of stopping distance,340,3,inf,0.15894198417663574
DEU_Moelln-4_4_T-1,proportion of stopping distance,340,4,inf,0.2528109550476074
DEU_Moelln-4_4_T-1,proportion of stopping distance,340,5,inf,0.0759134292602539
DEU_Moelln-4_4_T-1,proportion of stopping distance,340,6,inf,0.13042116165161133
DEU_Moelln-4_4_T-1,proportion of stopping distance,340,7,inf,0.08923101425170898
DEU_Moelln-4_4_T-1,proportion of stopping distance,340,8,inf,0.12014508247375488
DEU_Moelln-4_4_T-1,proportion of stopping distance,340,9,inf,0.0997629165649414
DEU_Moelln-4_4_T-1,proportion of stopping distance,340,10,inf,0.09056973457336426
DEU_Moelln-4_4_T-1,proportion of stopping distance,340,11,inf,0.07988548278808594
DEU_Moelln-4_4_T-1,proportion of stopping distance,340,12,inf,0.07720184326171875
DEU_Moelln-4_4_T-1,proportion of stopping distance,340,13,inf,0.04922938346862793
DEU_Moelln-4_4_T-1,proportion of stopping distance,340,14,inf,0.047657012939453125
DEU_Moelln-4_4_T-1,proportion of stopping distance,340,15,inf,0.07532691955566406
DEU_Moelln-4_4_T-1,proportion of stopping distance,340,16,inf,0.06649255752563477
DEU_Moelln-4_4_T-1,proportion of stopping distance,340,17,inf,0.03898477554321289
DEU_Moelln-4_4_T-1,proportion of stopping distance,340,18,inf,0.04274702072143555
DEU_Moelln-4_4_T-1,proportion of stopping distance,340,19,inf,0.09210515022277832
DEU_Moelln-4_4_T-1,proportion of stopping distance,340,20,inf,0.039186716079711914
DEU_Moelln-4_4_T-1,proportion of stopping distance,340,21,inf,0.030954837799072266
DEU_Moelln-4_4_T-1,proportion of stopping distance,340,22,inf,0.029523372650146484
DEU_Moelln-4_4_T-1,proportion of stopping distance,340,23,inf,0.06948685646057129
DEU_Moelln-4_4_T-1,proportion of stopping distance,340,24,inf,0.061510324478149414
DEU_Moelln-4_4_T-1,proportion of stopping distance,340,25,inf,0.022432804107666016
DEU_Moelln-4_4_T-1,proportion of stopping distance,340,26,inf,0.020473480224609375
DEU_Moelln-4_4_T-1,proportion of stopping distance,340,27,inf,0.02005767822265625
DEU_Moelln-4_4_T-1,proportion of stopping distance,340,28,inf,0.03947114944458008
DEU_Moelln-4_4_T-1,proportion of stopping distance,340,29,inf,0.0671236515045166
DEU_Moelln-4_4_T-1,proportion of stopping distance,340,30,inf,0.020151615142822266
DEU_Moelln-4_4_T-1,proportion of stopping distance,340,31,inf,0.009550809860229492
DEU_Moelln-4_4_T-1,proportion of stopping distance,340,32,inf,0.006667375564575195
DEU_Moelln-4_4_T-1,proportion of stopping distance,344,1,inf,nan
DEU_Moelln-4_4_T-1,proportion of stopping distance,344,2,inf,nan
DEU_Moelln-4_4_T-1,proportion of stopping distance,344,3,inf,nan
DEU_Moelln-4_4_T-1,proportion of stopping distance,344,4,inf,nan
DEU_Moelln-4_4_T-1,proportion of stopping distance,344,5,inf,nan
DEU_Moelln-4_4_T-1,proportion of stopping distance,344,6,inf,nan
DEU_Moelln-4_4_T-1,proportion of stopping distance,344,7,inf,nan
DEU_Moelln-4_4_T-1,proportion of stopping distance,344,8,inf,nan
DEU_Moelln-4_4_T-1,proportion of stopping distance,344,9,inf,nan
DEU_Moelln-4_4_T-1,proportion of stopping distance,344,10,inf,nan
DEU_Moelln-4_4_T-1,proportion of stopping distance,344,11,inf,nan
DEU_Moelln-4_4_T-1,proportion of stopping distance,344,12,inf,nan
DEU_Moelln-4_4_T-1,proportion of stopping distance,344,13,inf,nan
DEU_Moelln-4_4_T-1,proportion of stopping distance,344,14,inf,nan
DEU_Moelln-4_4_T-1,proportion of stopping distance,344,15,inf,nan
DEU_Moelln-4_4_T-1,proportion of stopping distance,344,16,inf,nan
DEU_Moelln-4_4_T-1,proportion of stopping distance,344,17,inf,nan
DEU_Moelln-4_4_T-1,proportion of stopping distance,344,18,inf,nan
DEU_Moelln-4_4_T-1,proportion of stopping distance,344,19,inf,nan
DEU_Moelln-4_4_T-1,proportion of stopping distance,344,20,inf,nan
DEU_Moelln-4_4_T-1,proportion of stopping distance,344,21,inf,nan
DEU_Moelln-4_4_T-1,proportion of stopping distance,344,22,inf,nan
DEU_Moelln-4_4_T-1,proportion of stopping distance,344,23,inf,0.03775811195373535
DEU_Moelln-4_4_T-1,proportion of stopping distance,344,24,inf,0.0424196720123291
DEU_Moelln-4_4_T-1,proportion of stopping distance,344,25,inf,0.03653740882873535
DEU_Moelln-4_4_T-1,proportion of stopping distance,344,26,inf,0.047856807708740234
DEU_Moelln-4_4_T-1,proportion of stopping distance,344,27,inf,0.042029619216918945
DEU_Moelln-4_4_T-1,proportion of stopping distance,344,28,inf,0.021765708923339844
DEU_Moelln-4_4_T-1,proportion of stopping distance,344,29,inf,0.019663095474243164
DEU_Moelln-4_4_T-1,proportion of stopping distance,344,30,inf,0.021332740783691406
DEU_Moelln-4_4_T-1,proportion of stopping distance,344,31,inf,0.02439570426940918
DEU_Moelln-4_4_T-1,proportion of stopping distance,344,32,inf,0.046896934509277344
HRV_Pula-27_3_T-1,proportion of stopping distance,34,1,inf,0.0072901248931884766
HRV_Pula-27_3_T-1,proportion of stopping distance,34,2,inf,0.0054857730865478516
HRV_Pula-27_3_T-1,proportion of stopping distance,34,3,inf,0.01959681510925293
HRV_Pula-27_3_T-1,proportion of stopping distance,34,4,inf,0.03935980796813965
HRV_Pula-27_3_T-1,proportion of stopping distance,34,5,inf,0.006573915481567383
HRV_Pula-27_3_T-1,proportion of stopping distance,34,6,inf,0.005650758743286133
HRV_Pula-27_3_T-1,proportion of stopping distance,34,7,inf,0.0070798397064208984
HRV_Pula-27_3_T-1,proportion of stopping distance,34,8,inf,0.007573843002319336
HRV_Pula-27_3_T-1,proportion of stopping distance,34,9,inf,0.005829572677612305
HRV_Pula-27_3_T-1,proportion of stopping distance,34,10,inf,0.005994558334350586
HRV_Pula-27_3_T-1,proportion of stopping distance,34,11,inf,0.006912708282470703
HRV_Pula-27_3_T-1,proportion of stopping distance,34,12,inf,0.00784921646118164
HRV_Pula-27_3_T-1,proportion of stopping distance,34,13,inf,0.00585627555847168
HRV_Pula-27_3_T-1,proportion of stopping distance,34,14,inf,0.006067752838134766
HRV_Pula-27_3_T-1,proportion of stopping distance,34,15,inf,0.005682945251464844
HRV_Pula-27_3_T-1,proportion of stopping distance,34,16,inf,0.005947113037109375
HRV_Pula-27_3_T-1,proportion of stopping distance,34,17,inf,0.006031513214111328
HRV_Pula-27_3_T-1,proportion of stopping distance,34,18,inf,0.005717039108276367
HRV_Pula-27_3_T-1,proportion of stopping distance,34,19,inf,0.005879402160644531
HRV_Pula-27_3_T-1,proportion of stopping distance,34,20,inf,0.00588226318359375
HRV_Pula-27_3_T-1,proportion of stopping distance,34,21,inf,0.006053924560546875
HRV_Pula-27_3_T-1,proportion of stopping distance,34,22,inf,0.006134033203125
HRV_Pula-27_3_T-1,proportion of stopping distance,34,23,inf,0.0060291290283203125
HRV_Pula-27_3_T-1,proportion of stopping distance,34,24,inf,0.005947113037109375
HRV_Pula-27_3_T-1,proportion of stopping distance,34,25,inf,0.005850553512573242
HRV_Pula-27_3_T-1,proportion of stopping distance,34,26,inf,0.02791881561279297
HRV_Pula-27_3_T-1,proportion of stopping distance,34,27,inf,0.0203707218170166
HRV_Pula-27_3_T-1,proportion of stopping distance,34,28,inf,0.016495943069458008
HRV_Pula-27_3_T-1,proportion of stopping distance,34,29,inf,0.019157886505126953
HRV_Pula-27_3_T-1,proportion of stopping distance,34,30,inf,0.022091388702392578
HRV_Pula-27_3_T-1,proportion of stopping distance,34,31,inf,0.02782130241394043
HRV_Pula-27_3_T-1,proportion of stopping distance,34,32,inf,0.005973100662231445
HRV_Pula-27_3_T-1,proportion of stopping distance,34,33,inf,0.005391120910644531
HRV_Pula-27_3_T-1,proportion of stopping distance,34,34,inf,0.005312204360961914
HRV_Pula-27_3_T-1,proportion of stopping distance,34,35,inf,0.005445718765258789
HRV_Pula-27_3_T-1,proportion of stopping distance,39,1,inf,0.011174678802490234
HRV_Pula-27_3_T-1,proportion of stopping distance,39,2,inf,0.019773244857788086
HRV_Pula-27_3_T-1,proportion of stopping distance,39,3,inf,0.0207827091217041
HRV_Pula-27_3_T-1,proportion of stopping distance,39,4,inf,0.0065801143646240234
HRV_Pula-27_3_T-1,proportion of stopping distance,39,5,inf,0.0077686309814453125
HRV_Pula-27_3_T-1,proportion of stopping distance,39,6,inf,0.008492231369018555
HRV_Pula-27_3_T-1,proportion of stopping distance,39,7,inf,0.006285667419433594
HRV_Pula-27_3_T-1,proportion of stopping distance,39,8,inf,0.0066220760345458984
HRV_Pula-27_3_T-1,proportion of stopping distance,39,9,inf,0.006844043731689453
HRV_Pula-27_3_T-1,proportion of stopping distance,39,10,inf,0.008438587188720703
HRV_Pula-27_3_T-1,proportion of stopping distance,39,11,inf,0.00762486457824707
HRV_Pula-27_3_T-1,proportion of stopping distance,39,12,inf,0.006215810775756836
HRV_Pula-27_3_T-1,proportion of stopping distance,39,13,inf,0.0061893463134765625
HRV_Pula-27_3_T-1,proportion of stopping distance,39,14,inf,0.006170988082885742
HRV_Pula-27_3_T-1,proportion of stopping distance,39,15,inf,0.0061795711517333984
HRV_Pula-27_3_T-1,proportion of stopping distance,39,16,inf,0.0061228275299072266
HRV_Pula-27_3_T-1,proportion of stopping distance,39,17,inf,0.006942033767700195
HRV_Pula-27_3_T-1,proportion of stopping distance,39,18,inf,0.006142139434814453
HRV_Pula-27_3_T-1,proportion of stopping distance,39,19,inf,0.0063588619232177734
HRV_Pula-27_3_T-1,proportion of stopping distance,39,20,inf,0.006345272064208984
HRV_Pula-27_3_T-1,proportion of stopping distance,39,21,inf,0.008687496185302734
HRV_Pula-27_3_T-1,proportion of stopping distance,39,22,inf,0.006722211837768555
HRV_Pula-27_3_T-1,proportion of stopping distance,39,23,inf,0.006376743316650391
HRV_Pula-27_3_T-1,proportion of stopping distance,39,24,inf,0.0061893463134765625
HRV_Pula-27_3_T-1,proportion of stopping distance,39,25,inf,0.006127595901489258
HRV_Pula-27_3_T-1,proportion of stopping distance,39,26,inf,0.052715301513671875
HRV_Pula-27_3_T-1,proportion of stopping distance,39,27,inf,0.019692659378051758
HRV_Pula-27_3_T-1,proportion of stopping distance,39,28,inf,0.04043459892272949
HRV_Pula-27_3_T-1,proportion of stopping distance,39,29,inf,0.027186870574951172
HRV_Pula-27_3_T-1,proportion of stopping distance,39,30,inf,0.006349325180053711
HRV_Pula-27_3_T-1,proportion of stopping distance,39,31,inf,0.00610804557800293
HRV_Pula-27_3_T-1,proportion of stopping distance,39,32,inf,0.006064653396606445
HRV_Pula-27_3_T-1,proportion of stopping distance,39,33,inf,0.006931781768798828
HRV_Pula-27_3_T-1,proportion of stopping distance,39,34,inf,0.006659030914306641
HRV_Pula-27_3_T-1,proportion of stopping distance,39,35,inf,0.006645917892456055
HRV_Pula-27_3_T-1,proportion of stopping distance,323,1,0,0.012106895446777344
HRV_Pula-27_3_T-1,proportion of stopping distance,323,2,0,0.018146276473999023
HRV_Pula-27_3_T-1,proportion of stopping distance,323,3,0,0.018860578536987305
HRV_Pula-27_3_T-1,proportion of stopping distance,323,4,0,0.006657838821411133
HRV_Pula-27_3_T-1,proportion of stopping distance,323,5,0,0.00519108772277832
HRV_Pula-27_3_T-1,proportion of stopping distance,323,6,0,0.005055427551269531
HRV_Pula-27_3_T-1,proportion of stopping distance,323,7,0,0.005120754241943359
HRV_Pula-27_3_T-1,proportion of stopping distance,323,8,0,0.014463424682617188
HRV_Pula-27_3_T-1,proportion of stopping distance,323,9,0,0.005088090896606445
HRV_Pula-27_3_T-1,proportion of stopping distance,323,10,0,0.0049784183502197266
HRV_Pula-27_3_T-1,proportion of stopping distance,323,11,0,0.005064964294433594
HRV_Pula-27_3_T-1,proportion of stopping distance,323,12,0,0.005098819732666016
HRV_Pula-27_3_T-1,proportion of stopping distance,323,13,0,0.0050313472747802734
HRV_Pula-27_3_T-1,proportion of stopping distance,323,14,0,0.0065157413482666016
HRV_Pula-27_3_T-1,proportion of stopping distance,323,15,0,0.006164073944091797
HRV_Pula-27_3_T-1,proportion of stopping distance,323,16,0,0.00865483283996582
HRV_Pula-27_3_T-1,proportion of stopping distance,323,17,0,0.006998300552368164
HRV_Pula-27_3_T-1,proportion of stopping distance,323,18,0,0.009430885314941406
HRV_Pula-27_3_T-1,proportion of stopping distance,323,19,0,0.007803440093994141
HRV_Pula-27_3_T-1,proportion of stopping distance,323,20,0,0.005331277847290039
HRV_Pula-27_3_T-1,proportion of stopping distance,323,21,0,0.004920005798339844
HRV_Pula-27_3_T-1,proportion of stopping distance,323,22,0,0.0058286190032958984
HRV_Pula-27_3_T-1,proportion of stopping distance,323,23,0,0.006913423538208008
HRV_Pula-27_3_T-1,proportion of stopping distance,323,24,0,0.006500959396362305
HRV_Pula-27_3_T-1,proportion of stopping distance,323,25,0,0.0049991607666015625
HRV_Pula-27_3_T-1,proportion of stopping distance,323,26,0,0.0049991607666015625
HRV_Pula-27_3_T-1,proportion of stopping distance,323,27,0,0.004996538162231445
HRV_Pula-27_3_T-1,proportion of stopping distance,323,28,0,0.033899545669555664
HRV_Pula-27_3_T-1,proportion of stopping distance,323,29,0,0.03072190284729004
HRV_Pula-27_3_T-1,proportion of stopping distance,323,30,0,0.20009994506835938
HRV_Pula-27_3_T-1,proportion of stopping distance,323,31,0,0.021793603897094727
HRV_Pula-27_3_T-1,proportion of stopping distance,323,32,0,0.01567983627319336
HRV_Pula-27_3_T-1,proportion of stopping distance,323,33,0,0.0222015380859375
HRV_Pula-27_3_T-1,proportion of stopping distance,323,34,0,0.0071201324462890625
HRV_Pula-27_3_T-1,proportion of stopping distance,323,35,0,0.006005048751831055
HRV_Pula-27_3_T-1,proportion of stopping distance,329,1,0,0.024416208267211914
HRV_Pula-27_3_T-1,proportion of stopping distance,329,2,0,0.016765356063842773
HRV_Pula-27_3_T-1,proportion of stopping distance,329,3,0,0.025147438049316406
HRV_Pula-27_3_T-1,proportion of stopping distance,329,4,0,0.016648530960083008
HRV_Pula-27_3_T-1,proportion of stopping distance,329,5,0,0.03186368942260742
HRV_Pula-27_3_T-1,proportion of stopping distance,329,6,0,0.0697011947631836
HRV_Pula-27_3_T-1,proportion of stopping distance,329,7,0,0.007292032241821289
HRV_Pula-27_3_T-1,proportion of stopping distance,329,8,0,0.00811457633972168
HRV_Pula-27_3_T-1,proportion of stopping distance,329,9,0,0.012645959854125977
HRV_Pula-27_3_T-1,proportion of stopping distance,329,10,0,0.05027651786804199
HRV_Pula-27_3_T-1,proportion of stopping distance,329,11,0,0.0413510799407959
HRV_Pula-27_3_T-1,proportion of stopping distance,329,12,0,0.01512598991394043
HRV_Pula-27_3_T-1,proportion of stopping distance,329,13,0,0.0062100887298583984
HRV_Pula-27_3_T-1,proportion of stopping distance,329,14,0,0.005932807922363281
HRV_Pula-27_3_T-1,proportion of stopping distance,329,15,0,0.007699012756347656
HRV_Pula-27_3_T-1,proportion of stopping distance,329,16,0,0.008333206176757812
HRV_Pula-27_3_T-1,proportion of stopping distance,329,17,0,0.006408214569091797
HRV_Pula-27_3_T-1,proportion of stopping distance,329,18,0,0.0060346126556396484
HRV_Pula-27_3_T-1,proportion of stopping distance,329,19,0,0.008391857147216797
HRV_Pula-27_3_T-1,proportion of stopping distance,329,20,0,0.007859230041503906
HRV_Pula-27_3_T-1,proportion of stopping distance,329,21,0,0.006291627883911133
HRV_Pula-27_3_T-1,proportion of stopping distance,329,22,0,0.005924224853515625
HRV_Pula-27_3_T-1,proportion of stopping distance,329,23,0,0.005911111831665039
HRV_Pula-27_3_T-1,proportion of stopping distance,329,24,0,0.00587773323059082
HRV_Pula-27_3_T-1,proportion of stopping distance,329,25,0,0.007198333740234375
HRV_Pula-27_3_T-1,proportion of stopping distance,329,26,0,0.039438724517822266
HRV_Pula-27_3_T-1,proportion of stopping distance,329,27,0,0.05693936347961426
HRV_Pula-27_3_T-1,proportion of stopping distance,329,28,0,0.02268218994140625
HRV_Pula-27_3_T-1,proportion of stopping distance,329,29,0,0.0062711238861083984
HRV_Pula-27_3_T-1,proportion of stopping distance,329,30,0,0.006072282791137695
HRV_Pula-27_3_T-1,proportion of stopping distance,329,31,0,0.04378008842468262
HRV_Pula-27_3_T-1,proportion of stopping distance,329,32,0,0.0062563419342041016
HRV_Pula-27_3_T-1,proportion of stopping distance,329,33,0,0.006034374237060547
HRV_Pula-27_3_T-1,proportion of stopping distance,329,34,0,0.006036043167114258
HRV_Pula-27_3_T-1,proportion of stopping distance,329,35,0,0.023723840713500977
HRV_Pula-27_3_T-1,proportion of stopping distance,331,1,inf,nan
HRV_Pula-27_3_T-1,proportion of stopping distance,331,2,inf,nan
HRV_Pula-27_3_T-1,proportion of stopping distance,331,3,inf,nan
HRV_Pula-27_3_T-1,proportion of stopping distance,331,4,inf,nan
HRV_Pula-27_3_T-1,proportion of stopping distance,331,5,inf,nan
HRV_Pula-27_3_T-1,proportion of stopping distance,331,6,inf,0.10446810722351074
HRV_Pula-27_3_T-1,proportion of stopping distance,331,7,inf,0.12272334098815918
HRV_Pula-27_3_T-1,proportion of stopping distance,331,8,inf,0.09571266174316406
HRV_Pula-27_3_T-1,proportion of stopping distance,331,9,inf,0.1570901870727539
HRV_Pula-27_3_T-1,proportion of stopping distance,331,10,inf,0.09534144401550293
HRV_Pula-27_3_T-1,proportion of stopping distance,331,11,inf,0.0939948558807373
HRV_Pula-27_3_T-1,proportion of stopping distance,331,12,inf,0.1507580280303955
HRV_Pula-27_3_T-1,proportion of stopping distance,331,13,inf,0.13344645500183105
HRV_Pula-27_3_T-1,proportion of stopping distance,331,14,inf,0.11290264129638672
HRV_Pula-27_3_T-1,proportion of stopping distance,331,15,inf,0.07072329521179199
HRV_Pula-27_3_T-1,proportion of stopping distance,331,16,inf,0.09291577339172363
HRV_Pula-27_3_T-1,proportion of stopping distance,331,17,inf,0.06363129615783691
HRV_Pula-27_3_T-1,proportion of stopping distance,331,18,inf,0.08844828605651855
HRV_Pula-27_3_T-1,proportion of stopping distance,331,19,inf,0.07393765449523926
HRV_Pula-27_3_T-1,proportion of stopping distance,331,20,inf,0.05043220520019531
HRV_Pula-27_3_T-1,proportion of stopping distance,331,21,inf,0.060953378677368164
HRV_Pula-27_3_T-1,proportion of stopping distance,331,22,inf,0.07768392562866211
HRV_Pula-27_3_T-1,proportion of stopping distance,331,23,inf,0.043863534927368164
HRV_Pula-27_3_T-1,proportion of stopping distance,331,24,inf,0.037990570068359375
HRV_Pula-27_3_T-1,proportion of stopping distance,331,25,inf,0.12920475006103516
HRV_Pula-27_3_T-1,proportion of stopping distance,331,26,inf,0.04129838943481445
HRV_Pula-27_3_T-1,proportion of stopping distance,331,27,inf,0.02567148208618164
HRV_Pula-27_3_T-1,proportion of stopping distance,331,28,inf,0.02108931541442871
HRV_Pula-27_3_T-1,proportion of stopping distance,331,29,inf,0.04564833641052246
HRV_Pula-27_3_T-1,proportion of stopping distance,331,30,inf,0.06053352355957031
HRV_Pula-27_3_T-1,proportion of stopping distance,331,31,inf,0.015072345733642578
HRV_Pula-27_3_T-1,proportion of stopping distance,331,32,inf,0.011274576187133789
HRV_Pula-27_3_T-1,proportion of stopping distance,338,1,inf,nan
HRV_Pula-27_3_T-1,proportion of stopping distance,338,2,inf,nan
HRV_Pula-27_3_T-1,proportion of stopping distance,338,3,inf,nan
HRV_Pula-27_3_T-1,proportion of stopping distance,338,4,inf,nan
HRV_Pula-27_3_T-1,proportion of stopping distance,338,5,inf,nan
HRV_Pula-27_3_T-1,proportion of stopping distance,338,6,inf,0.45742106437683105
HRV_Pula-27_3_T-1,proportion of stopping distance,338,7,inf,0.43056178092956543
HRV_Pula-27_3_T-1,proportion of stopping distance,338,8,inf,0.4540424346923828
HRV_Pula-27_3_T-1,proportion of stopping distance,338,9,inf,0.41846489906311035
HRV_Pula-27_3_T-1,proportion of stopping distance,338,10,inf,0.5011293888092041
HRV_Pula-27_3_T-1,proportion of stopping distance,338,11,inf,0.3874688148498535
HRV_Pula-27_3_T-1,proportion of stopping distance,338,12,inf,0.32441234588623047
HRV_Pula-27_3_T-1,proportion of stopping distance,338,13,inf,0.34131646156311035
HRV_Pula-27_3_T-1,proportion of stopping distance,338,14,inf,0.43132567405700684
HRV_Pula-27_3_T-1,proportion of stopping distance,338,15,inf,0.2663602828979492
HRV_Pula-27_3_T-1,proportion of stopping distance,338,16,inf,0.20771288871765137
HRV_Pula-27_3_T-1,proportion of stopping distance,338,17,inf,0.18290352821350098
HRV_Pula-27_3_T-1,proportion of stopping distance,338,18,inf,0.1878347396850586
HRV_Pula-27_3_T-1,proportion of stopping distance,338,19,inf,0.13873624801635742
HRV_Pula-27_3_T-1,proportion of stopping distance,338,20,inf,0.1392345428466797
HRV_Pula-27_3_T-1,proportion of stopping distance,338,21,inf,0.11693096160888672
HRV_Pula-27_3_T-1,proportion of stopping distance,338,22,inf,0.13055014610290527
HRV_Pula-27_3_T-1,proportion of stopping distance,338,23,inf,0.09826993942260742
HRV_Pula-27_3_T-1,proportion of stopping distance,338,24,inf,0.1506946086883545
HRV_Pula-27_3_T-1,proportion of stopping distance,338,25,inf,0.08399796485900879
HRV_Pula-27_3_T-1,proportion of stopping distance,338,26,inf,0.10563063621520996
HRV_Pula-27_3_T-1,proportion of stopping distance,338,27,inf,0.08089351654052734
HRV_Pula-27_3_T-1,proportion of stopping distance,338,28,inf,0.0567018985748291
HRV_Pula-27_3_T-1,proportion of stopping distance,338,29,inf,0.05340695381164551
HRV_Pula-27_3_T-1,proportion of stopping distance,338,30,inf,0.040608882904052734
HRV_Pula-27_3_T-1,proportion of stopping distance,338,31,inf,0.03124523162841797
HRV_Pula-27_3_T-1,proportion of stopping distance,338,32,inf,0.019324779510498047
HRV_Pula-27_3_T-1,proportion of stopping distance,345,1,inf,0.015938997268676758
HRV_Pula-27_3_T-1,proportion of stopping distance,345,2,inf,0.04585719108581543
HRV_Pula-27_3_T-1,proportion of stopping distance,345,3,inf,0.016571998596191406
HRV_Pula-27_3_T-1,proportion of stopping distance,345,4,inf,0.012912273406982422
HRV_Pula-27_3_T-1,proportion of stopping distance,345,5,inf,0.013513803482055664
HRV_Pula-27_3_T-1,proportion of stopping distance,345,6,inf,0.006893157958984375
HRV_Pula-27_3_T-1,proportion of stopping distance,345,7,inf,0.007533073425292969
HRV_Pula-27_3_T-1,proportion of stopping distance,345,8,inf,0.008045673370361328
HRV_Pula-27_3_T-1,proportion of stopping distance,345,9,inf,0.015637874603271484
HRV_Pula-27_3_T-1,proportion of stopping distance,345,10,inf,0.006342411041259766
HRV_Pula-27_3_T-1,proportion of stopping distance,345,11,inf,0.006075859069824219
HRV_Pula-27_3_T-1,proportion of stopping distance,345,12,inf,0.005900382995605469
HRV_Pula-27_3_T-1,proportion of stopping distance,345,13,inf,0.00592350959777832
HRV_Pula-27_3_T-1,proportion of stopping distance,345,14,inf,0.005865335464477539
HRV_Pula-27_3_T-1,proportion of stopping distance,345,15,inf,0.006128787994384766
HRV_Pula-27_3_T-1,proportion of stopping distance,345,16,inf,0.006081342697143555
HRV_Pula-27_3_T-1,proportion of stopping distance,345,17,inf,0.006030082702636719
HRV_Pula-27_3_T-1,proportion of stopping distance,345,18,inf,0.006491422653198242
HRV_Pula-27_3_T-1,proportion of stopping distance,345,19,inf,0.02250051498413086
HRV_Pula-27_3_T-1,proportion of stopping distance,345,20,inf,0.01790475845336914
HRV_Pula-27_3_T-1,proportion of stopping distance,345,21,inf,0.019466161727905273
HRV_Pula-27_3_T-1,proportion of stopping distance,345,22,inf,0.017010927200317383
HRV_Pula-27_3_T-1,proportion of stopping distance,345,23,inf,0.013136148452758789
HRV_Pula-27_3_T-1,proportion of stopping distance,345,24,inf,0.019977331161499023
HRV_Pula-27_3_T-1,proportion of stopping distance,345,25,inf,0.006760358810424805
HRV_Pula-27_3_T-1,proportion of stopping distance,345,26,inf,0.0061664581298828125
HRV_Pula-27_3_T-1,proportion of stopping distance,345,27,inf,0.0063326358795166016
HRV_Pula-27_3_T-1,proportion of stopping distance,345,28,inf,0.0067865848541259766
HRV_Pula-27_3_T-1,proportion of stopping distance,345,29,inf,0.006125688552856445
HRV_Pula-27_3_T-1,proportion of stopping distance,345,30,inf,0.005968570709228516
HRV_Pula-27_3_T-1,proportion of stopping distance,345,31,inf,0.005799531936645508
HRV_Pula-27_3_T-1,proportion of stopping distance,345,32,0,0.006425380706787109
HRV_Pula-27_3_T-1,proportion of stopping distance,345,33,inf,0.005793094635009766
HRV_Pula-27_3_T-1,proportion of stopping distance,345,34,0,0.0059854984283447266
HRV_Pula-27_3_T-1,proportion of stopping distance,345,35,0,0.005814313888549805
HRV_Pula-27_3_T-1,proportion of stopping distance,352,1,inf,0.019655227661132812
HRV_Pula-27_3_T-1,proportion of stopping distance,352,2,inf,0.006041049957275391
HRV_Pula-27_3_T-1,proportion of stopping distance,352,3,inf,0.0057756900787353516
HRV_Pula-27_3_T-1,proportion of stopping distance,352,4,inf,0.0059261322021484375
HRV_Pula-27_3_T-1,proportion of stopping distance,352,5,inf,0.007271289825439453
HRV_Pula-27_3_T-1,proportion of stopping distance,352,6,inf,0.006028413772583008
HRV_Pula-27_3_T-1,proportion of stopping distance,352,7,inf,0.005934953689575195
HRV_Pula-27_3_T-1,proportion of stopping distance,352,8,inf,0.005781650543212891
HRV_Pula-27_3_T-1,proportion of stopping distance,352,9,inf,0.007601499557495117
HRV_Pula-27_3_T-1,proportion of stopping distance,352,10,inf,0.03410983085632324
HRV_Pula-27_3_T-1,proportion of stopping distance,352,11,inf,0.006107807159423828
HRV_Pula-27_3_T-1,proportion of stopping distance,352,12,inf,0.006051063537597656
HRV_Pula-27_3_T-1,proportion of stopping distance,352,13,inf,0.005761146545410156
HRV_Pula-27_3_T-1,proportion of stopping distance,352,14,inf,0.006057024002075195
HRV_Pula-27_3_T-1,proportion of stopping distance,352,15,inf,0.006044864654541016
HRV_Pula-27_3_T-1,proportion of stopping distance,352,16,inf,0.006063222885131836
HRV_Pula-27_3_T-1,proportion of stopping distance,352,17,inf,0.006336212158203125
HRV_Pula-27_3_T-1,proportion of stopping distance,352,18,inf,0.00717616081237793
HRV_Pula-27_3_T-1,proportion of stopping distance,352,19,inf,0.005950927734375
HRV_Pula-27_3_T-1,proportion of stopping distance,352,20,inf,0.00641322135925293
HRV_Pula-27_3_T-1,proportion of stopping distance,352,21,inf,0.00616765022277832
HRV_Pula-27_3_T-1,proportion of stopping distance,352,22,inf,0.006110191345214844
HRV_Pula-27_3_T-1,proportion of stopping distance,352,23,inf,0.005942821502685547
HRV_Pula-27_3_T-1,proportion of stopping distance,352,24,inf,0.006119251251220703
HRV_Pula-27_3_T-1,proportion of stopping distance,352,25,inf,0.005846738815307617
HRV_Pula-27_3_T-1,proportion of stopping distance,352,26,inf,0.005916118621826172
HRV_Pula-27_3_T-1,proportion of stopping distance,352,27,inf,0.028610944747924805
HRV_Pula-27_3_T-1,proportion of stopping distance,352,28,inf,0.01812267303466797
HRV_Pula-27_3_T-1,proportion of stopping distance,352,29,inf,0.012269258499145508
HRV_Pula-27_3_T-1,proportion of stopping distance,352,30,inf,0.01733231544494629
HRV_Pula-27_3_T-1,proportion of stopping distance,352,31,inf,0.024742603302001953
HRV_Pula-27_3_T-1,proportion of stopping distance,352,32,inf,0.013729572296142578
HRV_Pula-27_3_T-1,proportion of stopping distance,352,33,inf,0.0059893131256103516
HRV_Pula-27_3_T-1,proportion of stopping distance,352,34,inf,0.0072345733642578125
HRV_Pula-27_3_T-1,proportion of stopping distance,352,35,inf,0.00817728042602539
HRV_Pula-27_3_T-1,proportion of stopping distance,354,1,inf,0.2911081314086914
HRV_Pula-27_3_T-1,proportion of stopping distance,354,2,inf,0.11695241928100586
HRV_Pula-27_3_T-1,proportion of stopping distance,354,3,inf,0.15004611015319824
HRV_Pula-27_3_T-1,proportion of stopping distance,354,4,inf,0.14161014556884766
HRV_Pula-27_3_T-1,proportion of stopping distance,354,5,inf,0.11575913429260254
HRV_Pula-27_3_T-1,proportion of stopping distance,354,6,inf,0.12247824668884277
HRV_Pula-27_3_T-1,proportion of stopping distance,354,7,inf,0.22292232513427734
HRV_Pula-27_3_T-1,proportion of stopping distance,354,8,inf,0.1548314094543457
HRV_Pula-27_3_T-1,proportion of stopping distance,354,9,inf,0.11973977088928223
HRV_Pula-27_3_T-1,proportion of stopping distance,354,10,inf,0.1448214054107666
HRV_Pula-27_3_T-1,proportion of stopping distance,354,11,inf,0.10032892227172852
HRV_Pula-27_3_T-1,proportion of stopping distance,354,12,inf,0.11845874786376953
HRV_Pula-27_3_T-1,proportion of stopping distance,354,13,inf,0.08216142654418945
HRV_Pula-27_3_T-1,proportion of stopping distance,354,14,inf,0.09659671783447266
HRV_Pula-27_3_T-1,proportion of stopping distance,354,15,inf,0.07712912559509277
HRV_Pula-27_3_T-1,proportion of stopping distance,354,16,inf,0.06948041915893555
HRV_Pula-27_3_T-1,proportion of stopping distance,354,17,inf,0.08847427368164062
HRV_Pula-27_3_T-1,proportion of stopping distance,354,18,inf,0.10012030601501465
HRV_Pula-27_3_T-1,proportion of stopping distance,354,19,inf,0.07073569297790527
HRV_Pula-27_3_T-1,proportion of stopping distance,354,20,inf,0.06281375885009766
HRV_Pula-27_3_T-1,proportion of stopping distance,354,21,inf,0.05154991149902344
HRV_Pula-27_3_T-1,proportion of stopping distance,354,22,inf,0.06598782539367676
HRV_Pula-27_3_T-1,proportion of stopping distance,354,23,inf,0.05997109413146973
HRV_Pula-27_3_T-1,proportion of stopping distance,354,24,inf,0.03959393501281738
HRV_Pula-27_3_T-1,proportion of stopping distance,354,25,inf,0.08306574821472168
HRV_Pula-27_3_T-1,proportion of stopping distance,354,26,inf,0.14272069931030273
HRV_Pula-27_3_T-1,proportion of stopping distance,354,27,inf,0.041017770767211914
HRV_Pula-27_3_T-1,proportion of stopping distance,354,28,inf,0.22875499725341797
HRV_Pula-27_3_T-1,proportion of stopping distance,354,29,inf,0.100250244140625
HRV_Pula-27_3_T-1,proportion of stopping distance,354,30,inf,0.02236199378967285
HRV_Pula-27_3_T-1,proportion of stopping distance,354,31,inf,0.01896357536315918
HRV_Pula-27_3_T-1,proportion of stopping distance,354,32,inf,0.014276266098022461
HRV_Pula-27_3_T-1,proportion of stopping distance,357,1,inf,0.13048577308654785
HRV_Pula-27_3_T-1,proportion of stopping distance,357,2,inf,0.12847065925598145
HRV_Pula-27_3_T-1,proportion of stopping distance,357,3,inf,0.12732577323913574
HRV_Pula-27_3_T-1,proportion of stopping distance,357,4,inf,0.1314239501953125
HRV_Pula-27_3_T-1,proportion of stopping distance,357,5,inf,0.011059761047363281
HRV_Pula-27_3_T-1,proportion of stopping distance,357,6,inf,0.11247611045837402
HRV_Pula-27_3_T-1,proportion of stopping distance,357,7,inf,0.1295773983001709
HRV_Pula-27_3_T-1,proportion of stopping distance,357,8,inf,0.011736631393432617
HRV_Pula-27_3_T-1,proportion of stopping distance,357,9,inf,0.006029605865478516
HRV_Pula-27_3_T-1,proportion of stopping distance,357,10,inf,0.006085872650146484
HRV_Pula-27_3_T-1,proportion of stopping distance,357,11,inf,0.006121158599853516
HRV_Pula-27_3_T-1,proportion of stopping distance,357,12,inf,0.006152629852294922
HRV_Pula-27_3_T-1,proportion of stopping distance,357,13,inf,0.005829811096191406
HRV_Pula-27_3_T-1,proportion of stopping distance,357,14,inf,0.006119966506958008
HRV_Pula-27_3_T-1,proportion of stopping distance,357,15,inf,0.006183624267578125
HRV_Pula-27_3_T-1,proportion of stopping distance,357,16,inf,0.03465390205383301
HRV_Pula-27_3_T-1,proportion of stopping distance,357,17,inf,0.02054452896118164
HRV_Pula-27_3_T-1,proportion of stopping distance,357,18,inf,0.012415170669555664
HRV_Pula-27_3_T-1,proportion of stopping distance,357,19,inf,0.01685786247253418
HRV_Pula-27_3_T-1,proportion of stopping distance,357,20,inf,0.015424251556396484
HRV_Pula-27_3_T-1,proportion of stopping distance,357,21,inf,0.021068334579467773
HRV_Pula-27_3_T-1,proportion of stopping distance,357,22,inf,0.006223201751708984
HRV_Pula-27_3_T-1,proportion of stopping distance,357,23,inf,0.006290435791015625
HRV_Pula-27_3_T-1,proportion of stopping distance,357,24,inf,0.006257772445678711
HRV_Pula-27_3_T-1,proportion of stopping distance,357,25,inf,0.006303071975708008
HRV_Pula-27_3_T-1,proportion of stopping distance,357,26,inf,0.005938529968261719
HRV_Pula-27_3_T-1,proportion of stopping distance,357,27,inf,0.006128787994384766
HRV_Pula-27_3_T-1,proportion of stopping distance,357,28,inf,0.007571220397949219
HRV_Pula-27_3_T-1,proportion of stopping distance,357,29,inf,0.00670313835144043
HRV_Pula-27_3_T-1,proportion of stopping distance,357,30,inf,0.006191730499267578
HRV_Pula-27_3_T-1,proportion of stopping distance,357,31,inf,0.00579380989074707
HRV_Pula-27_3_T-1,proportion of stopping distance,357,32,inf,0.006002902984619141
HRV_Pula-27_3_T-1,proportion of stopping distance,357,33,inf,0.00620579719543457
HRV_Pula-27_3_T-1,proportion of stopping distance,357,34,inf,0.00702357292175293
HRV_Pula-27_3_T-1,proportion of stopping distance,357,35,inf,0.00622105598449707
